col:ID	col:parentID	col:status	col:rank	col:scientificName	col:authorship
8NL4D	8NKRD	accepted	subfamily	Trigonidiinae	Saussure, 1874
8QHY4	8NL4D	synonym	subfamily	Trigonidini	Saussure, 1874
8NM4V	8NL4D	accepted	genus	Anele	Otte, Carvalho & Shaw, 2003
8NT3S	8NL4D	accepted	genus	Kadavuxipha	Otte & Cowper, 2007
9JNP7	8NL4D	accepted	genus	Tavukixipha	Otte & Cowper, 2007
8Q9BM	8NL4D	accepted	genus	Emerasoma	He, 2020
8NTJM	8NL4D	accepted	genus	Levuxipha	Otte & Cowper, 2007
8PST2	8NL4D	synonym	subfamily	Trigonididae	Saussure, 1874
8Q9B4	8NL4D	accepted	genus	Abstrigonidium	He, 2020
8PS5B	8NL4D	accepted	tribe	Trigonidiini	Saussure, 1874
8NVQB	8NL4D	accepted	genus	Nanixipha	Otte, Carvalho & Shaw, 2003
8P2QZ	8NL4D	accepted	genus	Vitixipha	Otte & Cowper, 2007
8NYWR	8NL4D	accepted	genus	Savuxipha	Otte & Cowper, 2007
9WN8D	8NL4D	accepted	genus	Vudaxipha	Otte & Cowper, 2007
9WN7G	8NL4D	accepted	genus	Veisarixipha	Otte & Cowper, 2007
8NVNH	8NL4D	accepted	genus	Myrmegryllus	Fiebrig, 1907
8NVRL	8NL4D	accepted	genus	Nausorixipha	Otte & Cowper, 2007
8PTFZ	8NL4D	accepted	tribe	Phylloscyrtini	Chopard, 1968
8PST3	8NL4D	synonym	subfamily	Trigonidiens	Saussure, 1874
9GZV6	8NL4D	accepted	genus	Zilingxi	He, 2022
8NRSW	8NL4D	accepted	genus	Fijixipha	Otte & Cowper, 2007
8NVGN	8NL4D	accepted	genus	Minutixipha	Otte & Cowper, 2007
8P2NJ	8NL4D	accepted	genus	Vanuaxipha	Otte & Cowper, 2007
DWKP	8NM4V	accepted	species	Anele ulia	Otte, Carvalho & Shaw, 2003
9GMBQ	8NT3S	synonym	genus	Kadavuxipha	Otte & Cowper, 2007
3QXV9	8NT3S	accepted	species	Kadavuxipha soladamu	Otte & Cowper, 2007
C8FYG	9JNP7	synonym	genus	Tavukixipha	Otte & Cowper, 2007
54ZMK	9JNP7	accepted	species	Tavukixipha devo	Otte & Cowper, 2007
C55D8	9JNP7	synonym	genus	Tavukixipha	Otte & Cowper, 2007
8QKJK	8Q9BM	accepted	species	Emerasoma curvicerca	He, 2020
726QQ	8NTJM	accepted	species	Levuxipha viticola	Otte & Cowper, 2007
9GMCY	8NTJM	synonym	genus	Levuxipha	Otte & Cowper, 2007
8QJM2	8Q9B4	accepted	species	Abstrigonidium chloropodum	(He, 2017)
8NSD7	8PS5B	accepted	genus	Hebardinella	Chopard, 1932
8NLV5	8PS5B	accepted	genus	Anaxipha	Saussure, 1874
8NR2H	8PS5B	accepted	genus	Dolichoxipha	Chopard, 1951
8P2D7	8PS5B	accepted	genus	Trigonidium	Rambur, 1838
8NRHV	8PS5B	accepted	genus	Estrellina	Hebard, 1933
8NX3Y	8PS5B	accepted	genus	Paratrigonidium	Brunner von Wattenwyl, 1893
8NTTM	8PS5B	accepted	genus	Macroanaxipha	Hebard, 1928
8NV9P	8PS5B	accepted	genus	Metiochodes	Chopard, 1932
8NVRJ	8PS5B	accepted	genus	Natula	Gorochov, 1987
8PVDF	8PS5B	accepted	genus	Sectus	Ma & Pan, 2019
8NL5M	8PS5B	accepted	genus	Abanaxipha	Vickery & Poinar, 1994
8NXY7	8PS5B	accepted	genus	Prolaupala	Otte, 1994
8NM3R	8PS5B	accepted	genus	Anaxiphomorpha	Gorochov, 1987
8P32P	8PS5B	accepted	genus	Zarceus	Bolívar, 1895
8NZP8	8PS5B	accepted	genus	Svistella	Gorochov, 1987
8NYNB	8PS5B	accepted	genus	Rhicnogryllus	Chopard, 1925
8NLZT	8PS5B	accepted	genus	Amusurgus	Brunner von Wattenwyl, 1893
BWCRY	8PS5B	accepted	genus	Trigonidomorpha	Chopard, 1925
8NNN8	8PS5B	accepted	genus	Cyrtoxipha	Brunner von Wattenwyl, 1873
9GZVD	8PS5B	accepted	genus	Flospes	Ma & He, 2022
8NSMF	8PS5B	accepted	genus	Homoeoxipha	Saussure, 1874
8NTMX	8PS5B	accepted	genus	Lobeda	Walker, 1869
8NSQH	8PS5B	accepted	genus	Hydropedeticus	Miall & Gilson, 1902
8PTMK	8PS5B	synonym	tribe	Trigonidia	Saussure, 1874
8PQDB	8PS5B	accepted	genus	Nudilla	Gorochov, 1988
8NM2F	8PS5B	accepted	genus	Anacyrtoxipha	Chopard, 1934
8NPR9	8PS5B	accepted	genus	Falcicula	Rehn, 1903
8P32N	8PS5B	accepted	genus	Zarceomorpha	Gorochov, 1994
8NZQ7	8PS5B	accepted	genus	Symphyloxiphus	Rehn, 1906
8NT2M	8PS5B	accepted	genus	Jarmilaxipha	Otte & Peck, 1998
8NQK3	8PS5B	accepted	genus	Cyrtoxiphoides	Chopard, 1951
8P4D3	8PS5B	accepted	genus	Zudella	Gorochov, 1988
6RSJ6	8NVQB	accepted	species	Nanixipha nahoa	Otte, Carvalho & Shaw, 2003
5BM98	8P2QZ	accepted	species	Vitixipha vuda	Otte & Cowper, 2007
5BM96	8P2QZ	accepted	species	Vitixipha kilaka	Otte & Cowper, 2007
5BM94	8P2QZ	accepted	species	Vitixipha bua	Otte & Cowper, 2007
5BM93	8P2QZ	accepted	species	Vitixipha axios	Otte & Cowper, 2007
C5T9Y	8P2QZ	synonym	genus	Vitixipha	Otte & Cowper, 2007
5BM97	8P2QZ	accepted	species	Vitixipha peracta	Otte & Cowper, 2007
C8M5Y	8P2QZ	synonym	genus	Vitixipha	Otte & Cowper, 2007
5BM95	8P2QZ	accepted	species	Vitixipha chlora	Otte & Cowper, 2007
9GMPZ	8NYWR	synonym	genus	Savuxipha	Otte & Cowper, 2007
6XQZS	8NYWR	accepted	species	Savuxipha tromodes	Otte & Cowper, 2007
C8MLG	9WN8D	synonym	genus	Vudaxipha	Otte & Cowper, 2007
C5TK6	9WN8D	synonym	genus	Vudaxipha	Otte & Cowper, 2007
5BS9L	9WN8D	accepted	species	Vudaxipha kokabula	Otte & Cowper, 2007
7FJHP	9WN7G	accepted	species	Veisarixipha waivudawa	Otte & Cowper, 2007
C5R52	9WN7G	synonym	genus	Veisarixipha	Otte & Cowper, 2007
C8N8P	9WN7G	synonym	genus	Veisarixipha	Otte & Cowper, 2007
45BS2	8NVNH	accepted	species	Myrmegryllus dipterus	Fiebrig, 1907
45VGQ	8NVRL	accepted	species	Nausorixipha fulva	(Brunner von Wattenwyl, 1878)
45VGT	8NVRL	accepted	species	Nausorixipha viti	Otte & Cowper, 2007
45VGS	8NVRL	accepted	species	Nausorixipha navai	Otte & Cowper, 2007
45VGP	8NVRL	accepted	species	Nausorixipha euthetos	Otte & Cowper, 2007
45VGN	8NVRL	accepted	species	Nausorixipha dogotuki	Otte & Cowper, 2007
45VGR	8NVRL	accepted	species	Nausorixipha nakubalevu	Otte & Cowper, 2007
8NQ56	8PTFZ	accepted	genus	Cranistus	Stål, 1861
8NWSQ	8PTFZ	accepted	genus	Phylloscyrtus	Guérin-Méneville, 1844
8PTFY	8PTFZ	synonym	tribe	Phylloscirtinae	Chopard, 1968
8NWS2	8PTFZ	accepted	genus	Phyllopalpus	Uhler, 1864
9GZV4	9GZV6	accepted	species	Zilingxi dian	He, 2022
9GMLF	9GZV6	synonym	genus	Polycomus	He & Ma, 2022
9GZV5	9GZV6	accepted	species	Zilingxi danmai	He, 2022
6HZXB	8NRSW	accepted	species	Fijixipha configens	Otte & Cowper, 2007
6HZXL	8NRSW	accepted	species	Fijixipha atalos	Otte & Cowper, 2007
6HZXD	8NRSW	accepted	species	Fijixipha inaudax	Otte & Cowper, 2007
6HZXF	8NRSW	accepted	species	Fijixipha harpeza	Otte & Cowper, 2007
6HZXG	8NRSW	accepted	species	Fijixipha exuros	Otte & Cowper, 2007
6HZWX	8NRSW	accepted	species	Fijixipha titilans	Otte & Cowper, 2007
6HZWZ	8NRSW	accepted	species	Fijixipha naitasiri	Otte & Cowper, 2007
6HZWW	8NRSW	accepted	species	Fijixipha xipheres	Otte & Cowper, 2007
6HZXC	8NRSW	accepted	species	Fijixipha batia	Otte & Cowper, 2007
6HZWY	8NRSW	accepted	species	Fijixipha penita	Otte & Cowper, 2007
6HZX9	8NRSW	accepted	species	Fijixipha valens	Otte & Cowper, 2007
43KLV	8NVGN	accepted	species	Minutixipha exenios	Otte & Cowper, 2007
9GMFS	8NVGN	synonym	genus	Minutixipha	Otte & Cowper, 2007
7FGNQ	8P2NJ	accepted	species	Vanuaxipha tricosa	Otte & Cowper, 2007
C8N75	8P2NJ	synonym	genus	Vanuaxipha	Otte & Cowper, 2007
7FGNS	8P2NJ	accepted	species	Vanuaxipha koroni	Otte & Cowper, 2007
7FGNT	8P2NJ	accepted	species	Vanuaxipha eteni	Otte & Cowper, 2007
7FGNF	8P2NJ	accepted	species	Vanuaxipha dendriacos	Otte & Cowper, 2007
7FGNG	8P2NJ	accepted	species	Vanuaxipha adamatos	Otte & Cowper, 2007
C5QV4	8P2NJ	synonym	genus	Vanuaxipha	Otte & Cowper, 2007
7FGNR	8P2NJ	accepted	species	Vanuaxipha perfixa	Otte & Cowper, 2007
7FGNP	8P2NJ	accepted	species	Vanuaxipha xylicos	Otte & Cowper, 2007
8PGQF	8QJM2	synonym	species	Paratrigonidium chloropodum	He, 2017
BTTGM	8QJM2	synonym	species	Trigonidium (Paratrigonidium) chloropodum	(He, 2017)
3JX3P	8NSD7	accepted	species	Hebardinella americana	(Chopard, 1912)
8PV3Y	8NSD7	synonym	genus	Hebardiniella	Chopard, 1932
8P3D9	8NSD7	synonym	genus	Chopardina	Hebard, 1928
DK8G	8NLV5	accepted	species	Anaxipha titschacki	Chopard, 1954
8PN3K	8NLV5	synonym	genus	Anaxiphus	Saussure, 1878
DK4G	8NLV5	accepted	species	Anaxipha dolomedes	Otte & Perez-Gelabert, 2009
DK56	8NLV5	accepted	species	Anaxipha gracilis	(Scudder, 1869)
DK7C	8NLV5	accepted	species	Anaxipha prosenes	Otte, 2006
DK57	8NLV5	accepted	species	Anaxipha grandis	Chopard, 1968
DK75	8NLV5	accepted	species	Anaxipha phoxi	Otte & Perez-Gelabert, 2009
DK5N	8NLV5	accepted	species	Anaxipha laepseros	Otte, 2006
DK83	8NLV5	accepted	species	Anaxipha stolzmannii	(Bolívar, 1881)
DK7T	8NLV5	accepted	species	Anaxipha scitula	(Saussure, 1878)
66M63	8NLV5	accepted	species	Anaxipha festina	Otte & Perez-Gelabert, 2009
DK3L	8NLV5	accepted	species	Anaxipha bradephona	Desutter-Grandcolas, 2000
DK88	8NLV5	accepted	species	Anaxipha tamucu	Otte & Perez-Gelabert, 2009
DK8K	8NLV5	accepted	species	Anaxipha trigonidioides	Chopard, 1962
DK3J	8NLV5	accepted	species	Anaxipha bifasciata	Chopard, 1927
DK7V	8NLV5	accepted	species	Anaxipha sinktrilla	Otte & Perez-Gelabert, 2009
DK5Y	8NLV5	accepted	species	Anaxipha lucia	Otte & Perez-Gelabert, 2009
66LTP	8NLV5	accepted	species	Anaxipha mjobergi	Chopard, 1925
DK3R	8NLV5	accepted	species	Anaxipha bryani	Chopard, 1929
DK2Z	8NLV5	accepted	species	Anaxipha allotria	Otte, 2006
DK37	8NLV5	accepted	species	Anaxipha antidupos	Otte & Perez-Gelabert, 2009
DK49	8NLV5	accepted	species	Anaxipha cregyos	Otte & Perez-Gelabert, 2009
DK8S	8NLV5	accepted	species	Anaxipha variegata	(Chopard, 1912)
DK5T	8NLV5	accepted	species	Anaxipha latipennis	(Walker, 1869)
DK2W	8NLV5	accepted	species	Anaxipha agaea	Otte, 2006
DK3F	8NLV5	accepted	species	Anaxipha beccarii	Salfi, 1935
DK4W	8NLV5	accepted	species	Anaxipha fragilis	Hebard, 1924
DK8P	8NLV5	accepted	species	Anaxipha unicolor	(Scudder, 1869)
DK3D	8NLV5	accepted	species	Anaxipha atrifrons	(Bruner, 1916)
DK3V	8NLV5	accepted	species	Anaxipha calusa	Walker & Funk, 2014
DK92	8NLV5	accepted	species	Anaxipha volucer	Otte, 2006
DK7Z	8NLV5	accepted	species	Anaxipha smithi	(Saussure, 1897)
DK36	8NLV5	accepted	species	Anaxipha antictypos	Otte & Perez-Gelabert, 2009
DK6S	8NLV5	accepted	species	Anaxipha ornata	Chopard, 1938
DK5P	8NLV5	accepted	species	Anaxipha laevithorax	Chopard, 1927
66M5M	8NLV5	accepted	species	Anaxipha caledonica	Otte, 1987
DK87	8NLV5	accepted	species	Anaxipha tachephona	Desutter-Grandcolas, 2000
DK59	8NLV5	accepted	species	Anaxipha henryi	Chopard, 1936
DK3W	8NLV5	accepted	species	Anaxipha cayennensis	(Saussure, 1897)
DK3B	8NLV5	accepted	species	Anaxipha armstrongi	Chopard, 1929
DK4Q	8NLV5	accepted	species	Anaxipha esau	Rehn, 1918
66M5P	8NLV5	accepted	species	Anaxipha negrila	Otte & Perez-Gelabert, 2009
DK8Y	8NLV5	accepted	species	Anaxipha vittata	(Bolívar, 1888)
DK52	8NLV5	accepted	species	Anaxipha furva	(Karsch, 1893)
DK6Q	8NLV5	accepted	species	Anaxipha obscuripennis	(Chopard, 1930)
DK7D	8NLV5	accepted	species	Anaxipha pteticos	Otte, 2006
DK34	8NLV5	accepted	species	Anaxipha angusticollis	(Saussure, 1874)
66M67	8NLV5	accepted	species	Anaxipha tinnulacita	Walker & Funk, 2014
DK6D	8NLV5	accepted	species	Anaxipha nava	Otte, 2006
DK7S	8NLV5	accepted	species	Anaxipha scia	Hebard, 1915
DK4D	8NLV5	accepted	species	Anaxipha delicatula	(Scudder, 1878)
DK8W	8NLV5	accepted	species	Anaxipha vicina	Chopard, 1925
DK4F	8NLV5	accepted	species	Anaxipha dimidiatipes	(Bolívar, 1910)
DK95	8NLV5	accepted	species	Anaxipha zebra	Otte & Perez-Gelabert, 2009
66M5Q	8NLV5	accepted	species	Anaxipha praepostera	Otte, 2006
DK6L	8NLV5	accepted	species	Anaxipha nigripennis	Chopard, 1956
DK6C	8NLV5	accepted	species	Anaxipha natalensis	Chopard, 1955
DK8X	8NLV5	accepted	species	Anaxipha vigilax	Otte & Perez-Gelabert, 2009
DK3M	8NLV5	accepted	species	Anaxipha bredoi	Chopard, 1948
66LTS	8NLV5	accepted	species	Anaxipha hirsuta	Hebard, 1928
DK65	8NLV5	accepted	species	Anaxipha marginipennis	Chopard, 1954
DK78	8NLV5	accepted	species	Anaxipha platyptera	Hebard, 1928
8PWX4	8NLV5	accepted	species	Anaxipha hyalicetra	Cole & Funk, 2019
DK5C	8NLV5	accepted	species	Anaxipha hyalodes	Otte, 2006
DK3T	8NLV5	accepted	species	Anaxipha caicos	Otte & Perez-Gelabert, 2009
8PGQM	8NLV5	ambiguous synonym	species	Paratrigonidium fuscocinctum	Otte & Alexander, 1983
DK66	8NLV5	accepted	species	Anaxipha maritima	(Saussure, 1878)
DK48	8NLV5	accepted	species	Anaxipha copo	Otte & Perez-Gelabert, 2009
DK5F	8NLV5	accepted	species	Anaxipha hypsipetes	Otte & Perez-Gelabert, 2009
DK5H	8NLV5	accepted	species	Anaxipha incompta	(Walker, 1869)
DK3S	8NLV5	accepted	species	Anaxipha buxtoni	Chopard, 1929
DK38	8NLV5	accepted	species	Anaxipha aphaura	Otte & Perez-Gelabert, 2009
DK74	8NLV5	accepted	species	Anaxipha philifolia	Rentz, 1973
DK6P	8NLV5	accepted	species	Anaxipha nitida	(Chopard, 1912)
DK6K	8NLV5	accepted	species	Anaxipha nigrescens	Chopard, 1934
DK8N	8NLV5	accepted	species	Anaxipha uato	Otte & Perez-Gelabert, 2009
DK89	8NLV5	accepted	species	Anaxipha tatei	Hebard, 1924
DK6J	8NLV5	accepted	species	Anaxipha nigrellus	(Hebard, 1928)
DK5L	8NLV5	accepted	species	Anaxipha karschi	(Karny, 1907)
DK6M	8NLV5	accepted	species	Anaxipha nigrithorax	Chopard, 1928
DK7X	8NLV5	accepted	species	Anaxipha sjostedti	Chopard, 1968
DK63	8NLV5	accepted	species	Anaxipha maculipes	Chopard, 1929
DK47	8NLV5	accepted	species	Anaxipha contaminata	(Karsch, 1893)
DK6F	8NLV5	accepted	species	Anaxipha nemobioides	Chopard, 1925
DK4X	8NLV5	accepted	species	Anaxipha fultoni	Walker & Funk, 2014
DK6G	8NLV5	accepted	species	Anaxipha nidaka	Otte & Perez-Gelabert, 2009
DK35	8NLV5	accepted	species	Anaxipha annulipes	Hebard, 1924
DK46	8NLV5	accepted	species	Anaxipha conspersa	(Bruner, 1916)
DK6H	8NLV5	accepted	species	Anaxipha nigerrima	Chopard, 1956
DK6B	8NLV5	accepted	species	Anaxipha musica	(Saussure, 1878)
66M64	8NLV5	accepted	species	Anaxipha lineatocollis	(Serville, 1838)
8P8R4	8NLV5	ambiguous synonym	species	Cyrtoxipha delicatula	Walker & Funk, 2014
DK45	8NLV5	accepted	species	Anaxipha conomeru	Otte & Perez-Gelabert, 2009
DK4P	8NLV5	accepted	species	Anaxipha epicydes	Otte, 2006
DK3K	8NLV5	accepted	species	Anaxipha biroi	Chopard, 1927
DK54	8NLV5	accepted	species	Anaxipha gilva	(Karsch, 1893)
DK7P	8NLV5	accepted	species	Anaxipha rufoguttata	Chopard, 1954
DK5M	8NLV5	accepted	species	Anaxipha kilimandjarica	Sjöstedt, 1910
DK84	8NLV5	accepted	species	Anaxipha stramenticia	Rehn, 1918
DK7W	8NLV5	accepted	species	Anaxipha sirico	Otte & Perez-Gelabert, 2009
DK82	8NLV5	accepted	species	Anaxipha soror	Chopard, 1956
DK5S	8NLV5	accepted	species	Anaxipha lathrios	Otte & Perez-Gelabert, 2009
DK3H	8NLV5	accepted	species	Anaxipha bicoloripes	Chopard, 1954
66M5V	8NLV5	accepted	species	Anaxipha tetyenna	Otte & Alexander, 1983
DK3N	8NLV5	accepted	species	Anaxipha brevipennis	Chopard, 1957
DK4Z	8NLV5	accepted	species	Anaxipha furtiva	Otte & Perez-Gelabert, 2009
DK3C	8NLV5	accepted	species	Anaxipha athanes	Otte & Perez-Gelabert, 2009
DK93	8NLV5	accepted	species	Anaxipha woodruffi	Otte & Perez-Gelabert, 2009
DK5Q	8NLV5	accepted	species	Anaxipha lanceolata	(Walker, 1869)
DK3Z	8NLV5	accepted	species	Anaxipha chichimeca	(Saussure, 1878)
DK4B	8NLV5	accepted	species	Anaxipha daktrilla	Otte & Perez-Gelabert, 2009
DK69	8NLV5	accepted	species	Anaxipha minuta	(Linnaeus, 1767)
DK39	8NLV5	accepted	species	Anaxipha apseudes	Otte & Perez-Gelabert, 2009
DK6W	8NLV5	accepted	species	Anaxipha papuana	Chopard, 1951
DK42	8NLV5	accepted	species	Anaxipha ciliata	(Afzelius & Brannius, 1804)
DK7G	8NLV5	accepted	species	Anaxipha pulicaria	(Burmeister, 1838)
DK86	8NLV5	accepted	species	Anaxipha straminea	(Saussure, 1878)
DK4S	8NLV5	accepted	species	Anaxipha exagistos	Otte, 2006
DK72	8NLV5	accepted	species	Anaxipha peregrina	Otte, 2006
DK94	8NLV5	accepted	species	Anaxipha yakuno	Otte & Perez-Gelabert, 2009
DK8F	8NLV5	accepted	species	Anaxipha tinnulenta	Walker & Funk, 2014
DK7R	8NLV5	accepted	species	Anaxipha schunkei	Chopard, 1956
DK7M	8NLV5	accepted	species	Anaxipha rosamacula	Walker & Funk, 2014
DK5K	8NLV5	accepted	species	Anaxipha insularis	(Walker, 1869)
DK8Z	8NLV5	accepted	species	Anaxipha vivax	Otte & Perez-Gelabert, 2009
DK7N	8NLV5	accepted	species	Anaxipha ruficeps	Chopard, 1956
DK6T	8NLV5	accepted	species	Anaxipha othnia	Otte, 2006
DK2Y	8NLV5	accepted	species	Anaxipha allardi	Chopard, 1956
DK8J	8NLV5	accepted	species	Anaxipha tooronga	Otte & Alexander, 1983
DK58	8NLV5	accepted	species	Anaxipha gueinzii	(Kirby, 1906)
DK32	8NLV5	accepted	species	Anaxipha amica	Otte & Perez-Gelabert, 2009
66M5R	8NLV5	accepted	species	Anaxipha desjardinsii	(Serville, 1838)
DK5D	8NLV5	accepted	species	Anaxipha hypaerios	Otte, 2006
DK44	8NLV5	accepted	species	Anaxipha concolor	(Chopard, 1917)
8PWX5	8NLV5	accepted	species	Anaxipha nigritorquis	Ma & Pan, 2019
DK8L	8NLV5	accepted	species	Anaxipha tripuraensis	Shishodia & Tandon, 1990
DK8M	8NLV5	accepted	species	Anaxipha tychicos	Otte, 2006
66M5S	8NLV5	accepted	species	Anaxipha hypergios	Otte, 2006
8P4V4	8NLV5	ambiguous synonym	species	Anaxipha litarena	Walker & Funk, 2014
DK3Q	8NLV5	accepted	species	Anaxipha brevis	Chopard, 1958
DK5W	8NLV5	accepted	species	Anaxipha longealata	Chopard, 1930
DK4V	8NLV5	accepted	species	Anaxipha fistulator	Rehn, 1918
DK4H	8NLV5	accepted	species	Anaxipha dominica	Vickery & Poinar, 1994
DK6X	8NLV5	accepted	species	Anaxipha paraensis	Rehn, 1918
DK67	8NLV5	accepted	species	Anaxipha maxima	(Bruner, 1916)
DK3Y	8NLV5	accepted	species	Anaxipha charitopis	Otte & Perez-Gelabert, 2009
DK4M	8NLV5	accepted	species	Anaxipha endoxos	Otte & Perez-Gelabert, 2009
DK62	8NLV5	accepted	species	Anaxipha maculifrons	Chopard, 1937
DK2X	8NLV5	accepted	species	Anaxipha ainigma	Otte & Perez-Gelabert, 2009
DK7K	8NLV5	accepted	species	Anaxipha rico	Otte & Perez-Gelabert, 2009
DK5J	8NLV5	accepted	species	Anaxipha infirmenotata	Chopard, 1956
DK3X	8NLV5	accepted	species	Anaxipha championi	(Saussure, 1897)
DK5V	8NLV5	accepted	species	Anaxipha litarena	Fulton, 1956
DK4C	8NLV5	accepted	species	Anaxipha dapsiles	Otte, 2006
DK7Y	8NLV5	accepted	species	Anaxipha slotinka	Otte & Perez-Gelabert, 2009
DK8B	8NLV5	accepted	species	Anaxipha thomasi	Walker & Funk, 2014
DK53	8NLV5	accepted	species	Anaxipha fuscocinctum	(Chopard, 1925)
DK5G	8NLV5	accepted	species	Anaxipha imitator	(Saussure, 1878)
DK5Z	8NLV5	accepted	species	Anaxipha maculifemur	Chopard, 1926
DK77	8NLV5	accepted	species	Anaxipha pictipennis	Hebard, 1924
DK8R	8NLV5	accepted	species	Anaxipha valida	(Bolívar, 1910)
DK5R	8NLV5	accepted	species	Anaxipha latefasciata	Chopard, 1956
66M5L	8NLV5	accepted	species	Anaxipha arena	Otte & Perez-Gelabert, 2009
DK8D	8NLV5	accepted	species	Anaxipha tinnula	Walker & Funk, 2014
DK7F	8NLV5	accepted	species	Anaxipha pulchra	Roy, 1965
DK4R	8NLV5	accepted	species	Anaxipha euclastos	Otte & Perez-Gelabert, 2009
66LTW	8NLV5	accepted	species	Anaxipha vera	Otte, 2006
DK2V	8NLV5	accepted	species	Anaxipha adventicia	Otte, 2006
DK4L	8NLV5	accepted	species	Anaxipha eminens	Otte & Perez-Gelabert, 2009
DK6R	8NLV5	accepted	species	Anaxipha olmeca	(Saussure, 1897)
DK73	8NLV5	accepted	species	Anaxipha peruviana	(Saussure, 1874)
DK8V	8NLV5	accepted	species	Anaxipha vernalis	Walker & Funk, 2014
66LTV	8NLV5	accepted	species	Anaxipha simulacrum	Rehn, 1918
DK4N	8NLV5	accepted	species	Anaxipha eperatos	Otte & Perez-Gelabert, 2009
DK6N	8NLV5	accepted	species	Anaxipha nimitata	Otte & Perez-Gelabert, 2009
DK8Q	8NLV5	accepted	species	Anaxipha vadschaggae	(Sjöstedt, 1910)
DK4T	8NLV5	accepted	species	Anaxipha exigua	(Say, 1825)
66LTQ	8NLV5	accepted	species	Anaxipha pallens	(Stål, 1861)
377F9	8NR2H	accepted	species	Dolichoxipha gracilipes	(Chopard, 1925)
377F8	8NR2H	accepted	species	Dolichoxipha danbulla	Otte & Alexander, 1983
8PWCH	8P2D7	accepted	subgenus	Trigonidium (Balamara)	Otte & Alexander, 1983
8PWCP	8P2D7	accepted	subgenus	Trigonidium (Trigonidium)	Rambur, 1838
8PWCL	8P2D7	accepted	subgenus	Trigonidium (Parametioche)	Otte & Alexander, 1983
B7ZK8	8P2D7	accepted	subgenus	Trigonidium (Superstes)	Hugel, 2012
8PVYZ	8P2D7	accepted	subgenus	Trigonidium (Metioche)	Stål, 1877
3BKGG	8NRHV	accepted	species	Estrellina rehni	Hebard, 1933
4DGRD	8NX3Y	accepted	species	Paratrigonidium topali	(Gorochov, 1987)
4DGRB	8NX3Y	accepted	species	Paratrigonidium striatum	Shiraki, 1911
4DGRH	8NX3Y	accepted	species	Paratrigonidium venustulum	(Saussure, 1878)
4DGQQ	8NX3Y	accepted	species	Paratrigonidium chopardianum	Ebner, 1943
4DGRF	8NX3Y	accepted	species	Paratrigonidium unifasciatum	Chopard, 1928
4DGR4	8NX3Y	accepted	species	Paratrigonidium javanicum	Caudell, 1927
4DGQR	8NX3Y	accepted	species	Paratrigonidium coloratum	Caudell, 1927
4DGQN	8NX3Y	accepted	species	Paratrigonidium chichila	Ingrisch, 2001
7645S	8NX3Y	accepted	species	Paratrigonidium transversum	Shiraki, 1930
4DGQM	8NX3Y	accepted	species	Paratrigonidium castaneum	Brunner von Wattenwyl, 1893
BSN5J	8NX3Y	synonym	subgenus	Trigonidium (Paratrigonidium)	Brunner von Wattenwyl, 1893
4DGQT	8NX3Y	accepted	species	Paratrigonidium darevskii	(Gorochov, 1987)
4DGR7	8NX3Y	accepted	species	Paratrigonidium nitidum	Brunner von Wattenwyl, 1893
4DGQW	8NX3Y	accepted	species	Paratrigonidium fasciatum	Brunner von Wattenwyl, 1893
4DGR5	8NX3Y	accepted	species	Paratrigonidium majusculum	Karny, 1915
3X2KC	8NTTM	accepted	species	Macroanaxipha macilenta	(Saussure, 1897)
42G29	8NV9P	accepted	species	Metiochodes minor	Li, He & Liu, 2010
42G2F	8NV9P	accepted	species	Metiochodes tibeticus	Li, He & Liu, 2010
73FKR	8NV9P	accepted	species	Metiochodes ornatus	Chopard, 1969
42G23	8NV9P	accepted	species	Metiochodes flavescens	Chopard, 1932
42G2G	8NV9P	accepted	species	Metiochodes tindalei	Chopard, 1951
42G2H	8NV9P	accepted	species	Metiochodes trilineatus	Chopard, 1936
8Q233	8NV9P	accepted	species	Metiochodes gracilus	Ma & Pan, 2019
42G2C	8NV9P	accepted	species	Metiochodes sikkimensis	Bhowmik, 1968
BV6Z5	8NV9P	accepted	species	Metiochodes tianfuensis	Ma, Yuan & Gu, 2023
42FZX	8NV9P	accepted	species	Metiochodes acutiparamerus	Li, He & Liu, 2010
42FZY	8NV9P	accepted	species	Metiochodes annulicercis	Chopard, 1962
42G2D	8NV9P	accepted	species	Metiochodes striatus	Bhowmik, 1970
73FL3	8NV9P	accepted	species	Metiochodes thankolomara	Otte & Alexander, 1983
42G2J	8NV9P	accepted	species	Metiochodes truncatus	Li, He & Liu, 2010
42G26	8NV9P	accepted	species	Metiochodes greeni	(Chopard, 1925)
42G2B	8NV9P	accepted	species	Metiochodes platycephalus	Chopard, 1940
42G28	8NV9P	accepted	species	Metiochodes karnyi	(Chopard, 1930)
42G24	8NV9P	accepted	species	Metiochodes fulvus	Chopard, 1940
42FZZ	8NV9P	accepted	species	Metiochodes australicus	Chopard, 1951
6S5T4	8NVRJ	accepted	species	Natula matsuurai	Sugimoto, 2001
6RTSS	8NVRJ	accepted	species	Natula averni	(Costa, 1855)
6S64S	8NVRJ	accepted	species	Natula pallidula	(Matsumura, 1910)
6RTT4	8NVRJ	accepted	species	Natula longipennis	(Serville, 1838)
6S654	8NVRJ	accepted	species	Natula pravdini	(Gorochov, 1985)
6S5SS	8NVRJ	accepted	species	Natula anaxiphoides	(Chopard, 1925)
8Q3WB	8PVDF	accepted	species	Sectus peruvianus	(Chopard, 1956)
8QKTG	8PVDF	accepted	species	Sectus integer	Ma & Pan, 2019
8J85	8NL5M	accepted	species	Abanaxipha longispina	Vickery & Poinar, 1994
8J84	8NL5M	accepted	species	Abanaxipha incongrua	Vickery & Poinar, 1994
4MRQ7	8NXY7	accepted	species	Prolaupala kaalensis	Otte, 1994
4MRQ9	8NXY7	accepted	species	Prolaupala perkinsi	Otte, 1994
4MRQ8	8NXY7	accepted	species	Prolaupala kukui	Otte, 1994
DK9C	8NM3R	accepted	species	Anaxiphomorpha serratiprotuberus	Liu & Shi, 2015
DK99	8NM3R	accepted	species	Anaxiphomorpha hexagona	Ma, 2018
9GZNX	8NM3R	accepted	species	Anaxiphomorpha nonggangensis	He & Ma, 2021
DK96	8NM3R	accepted	species	Anaxiphomorpha biserratus	Liu & Shi, 2015
DK97	8NM3R	accepted	species	Anaxiphomorpha brachyapodemalis	Gorochov, 1987
DK98	8NM3R	accepted	species	Anaxiphomorpha brevisparamerus	Liu & Shi, 2015
66M5W	8NM3R	accepted	species	Anaxiphomorpha longiapodemalis	Gorochov, 1987
DK9B	8NM3R	accepted	species	Anaxiphomorpha longiserratus	Liu & Shi, 2015
9GZNY	8NM3R	accepted	species	Anaxiphomorpha manereserratus	He & Ma, 2021
5CX8M	8P32P	accepted	species	Zarceus fallaciosus	Bolívar, 1895
5CX8N	8P32P	accepted	species	Zarceus major	Bolívar, 1912
8Q46P	8NZP8	accepted	species	Svistella argentata	Ma, Jing & Zhang, 2019
53J4W	8NZP8	accepted	species	Svistella dubia	(Liu & Yin, 1993)
53J4Z	8NZP8	accepted	species	Svistella rufonotata	(Chopard, 1932)
7B649	8NZP8	accepted	species	Svistella bifasciata	(Shiraki, 1911)
8QJWT	8NZP8	accepted	species	Svistella wuyong	He, 2021
8Q46Q	8NZP8	accepted	species	Svistella fuscoterminata	He & Liu, 2018
53J4T	8NZP8	accepted	species	Svistella anhuiensis	He, Li & Liu, 2009
C8FBS	8NZP8	accepted	species	Svistella yayun	He, 2024
53J4V	8NZP8	accepted	species	Svistella chekjawa	Tan & Robillard, 2012
8QJ3L	8NZP8	accepted	species	Svistella malu	He, 2021
53J4X	8NZP8	accepted	species	Svistella fallax	He, Li & Liu, 2009
9GZVK	8NYNB	accepted	species	Rhicnogryllus xuandan	He, 2021
4S6TQ	8NYNB	accepted	species	Rhicnogryllus bipunctatus	Ingrisch, 1987
6WTMN	8NYNB	accepted	species	Rhicnogryllus viettei	Chopard, 1957
78TML	8NYNB	accepted	species	Rhicnogryllus flavipes	Willemse, 1951
6X5MN	8NYNB	accepted	species	Rhicnogryllus zeuneri	Chopard, 1936
8Q3Q3	8NYNB	accepted	species	Rhicnogryllus paetensis	Tan, Yap & Baroga-Barbecho, 2020
4S6TS	8NYNB	accepted	species	Rhicnogryllus elegans	(Bolívar, 1910)
4S6TW	8NYNB	accepted	species	Rhicnogryllus limbatus	Willemse, 1951
8QHKS	8NYNB	accepted	species	Rhicnogryllus nanlingensis	He, Zhang & Ma, 2021
4S6TV	8NYNB	accepted	species	Rhicnogryllus lepidus	Chopard, 1962
4S6TZ	8NYNB	accepted	species	Rhicnogryllus seyrigi	Chopard, 1958
4S6TP	8NYNB	accepted	species	Rhicnogryllus annulipes	Chopard, 1956
9GZVJ	8NYNB	accepted	species	Rhicnogryllus fallax	He, 2021
4S6TT	8NYNB	accepted	species	Rhicnogryllus fascipes	Chopard, 1925
795ML	8NYNB	accepted	species	Rhicnogryllus tahitensis	(Saussure, 1878)
4S6TY	8NYNB	accepted	species	Rhicnogryllus ogasawarensis	Shiraki, 1930
8PVKC	8NLZT	accepted	subgenus	Amusurgus (Usgmona)	Furukawa, 1970
8PVK9	8NLZT	accepted	subgenus	Amusurgus (Amusurgus)	Brunner von Wattenwyl, 1893
58S29	BWCRY	accepted	species	Trigonidomorpha pallipes	Chopard, 1938
58S24	BWCRY	accepted	species	Trigonidomorpha fuscifrons	Chopard, 1936
7D49B	BWCRY	accepted	species	Trigonidomorpha pubescens	Chopard, 1954
8PWCQ	BWCRY	synonym	subgenus	Trigonidium (Trigonidomorpha)	Chopard, 1925
58S2C	BWCRY	accepted	species	Trigonidomorpha vittata	Chopard, 1954
58S27	BWCRY	accepted	species	Trigonidomorpha obscuripennis	Chopard, 1957
58S2B	BWCRY	accepted	species	Trigonidomorpha sjostedti	Chopard, 1925
58S26	BWCRY	accepted	species	Trigonidomorpha lineatifrons	Chopard, 1935
58S23	BWCRY	accepted	species	Trigonidomorpha basilewskyi	Chopard, 1955
58S28	BWCRY	accepted	species	Trigonidomorpha pallidipennis	Chopard, 1962
8PL2G	BWCRY	accepted	species	Trigonidomorpha ammonga	Otte & Alexander, 1983
58S25	BWCRY	accepted	species	Trigonidomorpha kundui	Bhowmik, 1971
8PVH3	BWCRY	synonym	genus	Trigonidiomorpha	Chopard, 1925
33P2H	8NNN8	accepted	species	Cyrtoxipha nola	Walker, 1969
33P2R	8NNN8	accepted	species	Cyrtoxipha pernambucensis	Rehn, 1920
8PP4Z	8NNN8	synonym	genus	Cyrtoxiphus	Saussure, 1878
33NZ5	8NNN8	accepted	species	Cyrtoxipha clarki	Otte & Perez-Gelabert, 2009
33NZZ	8NNN8	accepted	species	Cyrtoxipha illegibilis	Gorochov, 2010
33P28	8NNN8	accepted	species	Cyrtoxipha laurelae	Otte & Perez-Gelabert, 2009
33NZX	8NNN8	accepted	species	Cyrtoxipha gundlachi	Saussure, 1874
33NZ9	8NNN8	accepted	species	Cyrtoxipha confusa	Walker, 1969
6BY3S	8NNN8	accepted	species	Cyrtoxipha cryptadia	Otte & Perez-Gelabert, 2009
33NYP	8NNN8	accepted	species	Cyrtoxipha aleptos	Otte & Perez-Gelabert, 2009
33NYL	8NNN8	accepted	species	Cyrtoxipha abares	Otte & Perez-Gelabert, 2009
33NZD	8NNN8	accepted	species	Cyrtoxipha cracticos	Otte & Perez-Gelabert, 2009
33P2V	8NNN8	accepted	species	Cyrtoxipha pumila	(Burmeister, 1838)
33NYX	8NNN8	accepted	species	Cyrtoxipha catherinae	Otte & Perez-Gelabert, 2009
33P3D	8NNN8	accepted	species	Cyrtoxipha vespertina	Otte & Perez-Gelabert, 2009
33NYZ	8NNN8	accepted	species	Cyrtoxipha cayman	Otte & Perez-Gelabert, 2009
33NZL	8NNN8	accepted	species	Cyrtoxipha errans	Otte & Perez-Gelabert, 2009
33NYS	8NNN8	accepted	species	Cyrtoxipha aoratos	Otte & Perez-Gelabert, 2009
33P24	8NNN8	accepted	species	Cyrtoxipha itame	Otte & Perez-Gelabert, 2009
33NYT	8NNN8	accepted	species	Cyrtoxipha apiata	Otte & Perez-Gelabert, 2009
33P2M	8NNN8	accepted	species	Cyrtoxipha orientalis	Bland & Desutter-Grandcolas, 2003
33NZC	8NNN8	accepted	species	Cyrtoxipha contumax	Otte & Perez-Gelabert, 2009
33NZK	8NNN8	accepted	species	Cyrtoxipha electrina	Gorochov, 2010
33P34	8NNN8	accepted	species	Cyrtoxipha tempestiva	Otte & Perez-Gelabert, 2009
33NZ6	8NNN8	accepted	species	Cyrtoxipha columbiana	Caudell, 1907
33P2N	8NNN8	accepted	species	Cyrtoxipha pallens	Otte & Perez-Gelabert, 2009
33NZF	8NNN8	accepted	species	Cyrtoxipha ctilos	Otte & Perez-Gelabert, 2009
33NZY	8NNN8	accepted	species	Cyrtoxipha hosios	Otte & Perez-Gelabert, 2009
6BXRT	8NNN8	accepted	species	Cyrtoxipha poeyi	Bolívar, 1888
33NZM	8NNN8	accepted	species	Cyrtoxipha eucrines	Otte & Perez-Gelabert, 2009
33NYM	8NNN8	accepted	species	Cyrtoxipha aguanueva	Otte & Perez-Gelabert, 2009
9GZVC	9GZVD	accepted	species	Flospes denticulatus	(Liu & Shi, 2011)
9GZV8	9GZVD	accepted	species	Flospes fujianensis	(Wang, Zheng & Woo, 1999)
9GZV7	9GZVD	accepted	species	Flospes guangxiensis	He & Ma, 2022
9GZVB	9GZVD	accepted	species	Flospes hainanensis	(He, Li, Fang & Liu, 2010)
9GZV9	9GZVD	accepted	species	Flospes viridipennis	He, Ma & Zhang, 2022
3MG99	8NSMF	accepted	species	Homoeoxipha obliterata	(Caudell, 1927)
8QJ8N	8NSMF	accepted	species	Homoeoxipha oscillantenna	He, 2021
3MG98	8NSMF	accepted	species	Homoeoxipha nigripes	Xia & Liu, 1993
3MG96	8NSMF	accepted	species	Homoeoxipha nigriceps	Chopard, 1962
3MG94	8NSMF	accepted	species	Homoeoxipha histeriformis	(Bolívar, 1914)
3MG8Y	8NSMF	accepted	species	Homoeoxipha amoena	Bolívar, 1914
3MG93	8NSMF	accepted	species	Homoeoxipha gracilis	Chopard, 1967
3MG8Z	8NSMF	accepted	species	Homoeoxipha eurylobus	Ma, Liu & Zhang, 2016
3MG97	8NSMF	accepted	species	Homoeoxipha nigripennis	Chopard, 1967
6MB6P	8NSMF	accepted	species	Homoeoxipha thoracica	(Chopard, 1915)
3MG95	8NSMF	accepted	species	Homoeoxipha lycoides	(Walker, 1869)
8PPQZ	8NSMF	synonym	genus	Homoeoxiphus	Saussure, 1878
3MG92	8NSMF	accepted	species	Homoeoxipha fuscipennis	Chopard, 1927
3VRC7	8NTMX	accepted	species	Lobeda ovalis	Walker, 1869
6MJQK	8NSQH	accepted	species	Hydropedeticus vitiensis	Miall & Gilson, 1902
8Q2FV	8PQDB	accepted	species	Nudilla danieli	Gorochov, 2018
8Q2GH	8PQDB	accepted	species	Nudilla mediaspisa	(Otte, 1994)
8Q2FX	8PQDB	accepted	species	Nudilla eupacifica	(Otte, 1994)
8Q2GJ	8PQDB	accepted	species	Nudilla melewiki	(Shaw, 2000)
8Q2FZ	8PQDB	accepted	species	Nudilla hapapa	(Otte, 1994)
8Q2GB	8PQDB	accepted	species	Nudilla kona	(Otte, 1994)
8Q2GF	8PQDB	accepted	species	Nudilla makaweli	(Otte, 1994)
8Q2G8	8PQDB	accepted	species	Nudilla kolea	(Otte, 1994)
8Q2G2	8PQDB	accepted	species	Nudilla hualalai	(Otte, 1994)
8Q2H4	8PQDB	accepted	species	Nudilla wailua	(Otte, 1994)
8Q2GX	8PQDB	accepted	species	Nudilla pruna	(Otte, 1994)
8NTCV	8PQDB	synonym	genus	Laupala	Otte, 1994
8Q2GL	8PQDB	accepted	species	Nudilla neospisa	(Otte, 1994)
8Q2GZ	8PQDB	accepted	species	Nudilla tantalis	(Otte, 1994)
8Q2G7	8PQDB	accepted	species	Nudilla kokeensis	(Otte, 1994)
8Q2H2	8PQDB	accepted	species	Nudilla vespertina	(Otte, 1994)
8Q2GQ	8PQDB	accepted	species	Nudilla olohena	(Otte, 1994)
8Q2GD	8PQDB	accepted	species	Nudilla makaio	(Shaw, 2000)
8Q2FW	8PQDB	accepted	species	Nudilla eukolea	(Otte, 1994)
8Q2GC	8PQDB	accepted	species	Nudilla lanaiensis	(Otte, 1994)
8Q2GK	8PQDB	accepted	species	Nudilla molokaiensis	(Otte, 1994)
8Q2GS	8PQDB	accepted	species	Nudilla paranigra	(Otte, 1994)
8Q2GN	8PQDB	accepted	species	Nudilla nui	(Otte, 1994)
8Q2G4	8PQDB	accepted	species	Nudilla kanaele	(Otte, 1994)
8Q2G3	8PQDB	accepted	species	Nudilla kai	(Otte, 1994)
8Q2GP	8PQDB	accepted	species	Nudilla oahuensis	(Otte, 1994)
8Q2G6	8PQDB	accepted	species	Nudilla kohalensis	(Otte, 1994)
8Q2GG	8PQDB	accepted	species	Nudilla media	(Otte, 1994)
8Q2GM	8PQDB	accepted	species	Nudilla nigra	(Otte, 1994)
8Q2FY	8PQDB	accepted	species	Nudilla fugax	(Otte, 1994)
8Q2G5	8PQDB	accepted	species	Nudilla kauaiensis	(Otte, 1994)
8Q2H3	8PQDB	accepted	species	Nudilla waikemoi	(Otte, 1994)
8Q2GW	8PQDB	accepted	species	Nudilla prosea	(Otte, 1994)
8Q2GY	8PQDB	accepted	species	Nudilla spisa	(Otte, 1994)
8Q2G9	8PQDB	accepted	species	Nudilla koloa	(Otte, 1994)
8Q2GT	8PQDB	accepted	species	Nudilla parapacifica	(Otte, 1994)
8Q2GV	8PQDB	accepted	species	Nudilla paraprosea	(Otte, 1994)
8Q2GR	8PQDB	accepted	species	Nudilla pacifica	(Scudder, 1869)
DCDC	8NM2F	accepted	species	Anacyrtoxipha albotibialis	(La Baume, 1911)
3DT78	8NPR9	accepted	species	Falcicula hebardi	Rehn, 1903
5CX8L	8P32N	accepted	species	Zarceomorpha abdita	Gorochov, 1994
8PVG2	8NZQ7	synonym	genus	Symphyloxyphus	Rehn, 1906
53PZB	8NZQ7	accepted	species	Symphyloxiphus bicolor	(Chopard, 1913)
53PZD	8NZQ7	accepted	species	Symphyloxiphus magnificus	Rehn, 1906
53PZC	8NZQ7	accepted	species	Symphyloxiphus impigra	Otte, 2006
7B6XD	8NZQ7	accepted	species	Symphyloxiphus abbreviatus	(Bruner, 1916)
53PZK	8NZQ7	accepted	species	Symphyloxiphus varians	Hebard, 1932
8PVFZ	8NZQ7	synonym	genus	Symphiloxiphus	Rehn, 1906
53PZG	8NZQ7	accepted	species	Symphyloxiphus pictus	(Saussure, 1897)
53PZJ	8NZQ7	accepted	species	Symphyloxiphus riveti	(Chopard, 1913)
53PZH	8NZQ7	accepted	species	Symphyloxiphus pulex	Rehn, 1917
3QM5D	8NT2M	accepted	species	Jarmilaxipha ecuadorica	Otte & Peck, 1998
33P3L	8NQK3	accepted	species	Cyrtoxiphoides planifrons	Chopard, 1951
33P3G	8NQK3	accepted	species	Cyrtoxiphoides brevipes	(Chopard, 1929)
33P3H	8NQK3	accepted	species	Cyrtoxiphoides curtipennis	(Chopard, 1929)
33P3K	8NQK3	accepted	species	Cyrtoxiphoides leai	Chopard, 1951
33P3M	8NQK3	accepted	species	Cyrtoxiphoides pubescens	(Chopard, 1925)
33P3N	8NQK3	accepted	species	Cyrtoxiphoides villosa	(Chopard, 1934)
33P3J	8NQK3	accepted	species	Cyrtoxiphoides hopkinsi	(Chopard, 1929)
C3BZL	8P4D3	accepted	species	Zudella viridescens	(Perkins, 1899)
8Q55S	8P4D3	accepted	species	Zudella neovarians	(Otte, 1994)
8Q56Y	8P4D3	accepted	species	Zudella sibilans	(Otte, 1994)
8Q56M	8P4D3	accepted	species	Zudella pseudoli	(Otte, 1994)
8PLL8	8P4D3	accepted	species	Zudella hawaiiensis	Gorochov, 1988
8Q53R	8P4D3	accepted	species	Zudella grande	(Perkins, 1899)
8Q56C	8P4D3	accepted	species	Zudella paroctonalis	(Otte, 1994)
8Q55F	8P4D3	accepted	species	Zudella manuka	(Carvalho & Otte, 2006)
8Q553	8P4D3	accepted	species	Zudella ligna	(Otte, 1994)
8Q57F	8P4D3	accepted	species	Zudella wai	(Otte, 1994)
8Q53L	8P4D3	accepted	species	Zudella filica	(Perkins, 1899)
8Q578	8P4D3	accepted	species	Zudella varians	(Perkins, 1899)
8Q54G	8P4D3	accepted	species	Zudella iuka	(Otte, 1994)
8Q54J	8P4D3	accepted	species	Zudella kahua	(Otte, 1994)
8Q54F	8P4D3	accepted	species	Zudella incongrua	(Otte, 1994)
8Q55P	8P4D3	accepted	species	Zudella nele	(Otte, 1994)
8Q577	8P4D3	accepted	species	Zudella ulaino	(Otte, 1994)
8Q53M	8P4D3	accepted	species	Zudella flectens	(Otte, 1994)
8Q543	8P4D3	accepted	species	Zudella hoku	(Otte, 1994)
8Q56T	8P4D3	accepted	species	Zudella rosea	(Perkins, 1899)
8Q53P	8P4D3	accepted	species	Zudella freycinetiae	(Perkins, 1899)
8Q53C	8P4D3	accepted	species	Zudella crepitans	(Perkins, 1899)
8Q56H	8P4D3	accepted	species	Zudella proalina	(Otte, 1994)
8Q54N	8P4D3	accepted	species	Zudella kewai	(Otte, 1994)
8Q54Y	8P4D3	accepted	species	Zudella languida	(Otte, 1994)
8Q52Z	8P4D3	accepted	species	Zudella acuste	(Otte, 1994)
8Q55G	8P4D3	accepted	species	Zudella mauiensis	(Otte, 1994)
8Q555	8P4D3	accepted	species	Zudella mahina	(Otte, 1994)
8Q53Z	8P4D3	accepted	species	Zudella hehelo	(Otte, 1994)
8Q54P	8P4D3	accepted	species	Zudella kohala	(Otte, 1994)
8Q53T	8P4D3	accepted	species	Zudella halulu	(Otte, 1994)
8Q54Q	8P4D3	accepted	species	Zudella kolea	(Otte, 1994)
8Q53B	8P4D3	accepted	species	Zudella awiwi	(Otte, 1994)
8Q544	8P4D3	accepted	species	Zudella holomua	(Otte, 1994)
8Q547	8P4D3	accepted	species	Zudella hyperkona	(Otte, 1994)
8Q56Q	8P4D3	accepted	species	Zudella puiwa	(Otte, 1994)
8Q548	8P4D3	accepted	species	Zudella iao	(Otte, 1994)
8Q55J	8P4D3	accepted	species	Zudella mokuleia	(Carvalho & Otte, 2006)
8Q55V	8P4D3	accepted	species	Zudella novena	(Otte, 1994)
8Q533	8P4D3	accepted	species	Zudella akaka	(Otte, 1994)
8Q567	8P4D3	accepted	species	Zudella paramana	(Otte, 1994)
8Q534	8P4D3	accepted	species	Zudella alina	(Otte, 1994)
8Q54R	8P4D3	accepted	species	Zudella kona	(Otte, 1994)
8Q55D	8P4D3	accepted	species	Zudella mana	(Otte, 1994)
8Q53J	8P4D3	accepted	species	Zudella exigua	(Perkins, 1899)
8Q53K	8P4D3	accepted	species	Zudella exuberans	(Otte, 1994)
8Q575	8P4D3	accepted	species	Zudella triens	(Otte, 1994)
8Q53D	8P4D3	accepted	species	Zudella crusta	(Otte, 1994)
8Q55C	8P4D3	accepted	species	Zudella malela	(Otte, 1994)
8Q55Q	8P4D3	accepted	species	Zudella neogrande	(Otte, 1994)
8Q56X	8P4D3	accepted	species	Zudella sexta	(Otte, 1994)
8Q56Z	8P4D3	accepted	species	Zudella silvicola	(Otte, 1994)
8Q538	8P4D3	accepted	species	Zudella attenuata	(Perkins, 1899)
8Q54L	8P4D3	accepted	species	Zudella kapipi	(Otte, 1994)
8Q55Z	8P4D3	accepted	species	Zudella ola	(Otte, 1994)
8Q572	8P4D3	accepted	species	Zudella spilos	(Otte, 1994)
8Q53V	8P4D3	accepted	species	Zudella hamakua	(Otte, 1994)
8Q532	8P4D3	accepted	species	Zudella aka	(Otte, 1994)
8Q53S	8P4D3	accepted	species	Zudella haawina	(Otte, 1994)
8Q558	8P4D3	accepted	species	Zudella makapala	(Otte, 1994)
8Q55W	8P4D3	accepted	species	Zudella octava	(Otte, 1994)
8Q565	8P4D3	accepted	species	Zudella pahiwa	(Otte, 1994)
8Q53F	8P4D3	accepted	species	Zudella debilis	(Perkins, 1899)
8Q537	8P4D3	accepted	species	Zudella atroferruginea	(Brunner von Wattenwyl, 1895)
8Q53H	8P4D3	accepted	species	Zudella excultata	(Otte, 1994)
8Q57H	8P4D3	accepted	species	Zudella waikua	(Otte, 1994)
8Q56F	8P4D3	accepted	species	Zudella pipili	(Otte, 1994)
8Q57K	8P4D3	accepted	species	Zudella waipuna	(Otte, 1994)
8Q54D	8P4D3	accepted	species	Zudella improba	(Otte, 1994)
8Q56S	8P4D3	accepted	species	Zudella robusta	(Perkins, 1899)
8Q56L	8P4D3	accepted	species	Zudella pseudokua	(Otte, 1994)
8Q554	8P4D3	accepted	species	Zudella liula	(Otte, 1994)
8Q546	8P4D3	accepted	species	Zudella huapala	(Otte, 1994)
8Q57J	8P4D3	accepted	species	Zudella waimea	(Otte, 1994)
8Q566	8P4D3	accepted	species	Zudella palai	(Otte, 1994)
8Q57B	8P4D3	accepted	species	Zudella virens	(Otte, 1994)
8Q55X	8P4D3	accepted	species	Zudella octonalis	(Otte, 1994)
8Q55M	8P4D3	accepted	species	Zudella napau	(Carvalho & Otte, 2006)
8Q53Q	8P4D3	accepted	species	Zudella fritinnia	(Otte, 1994)
8Q56R	8P4D3	accepted	species	Zudella puukani	(Otte, 1994)
8Q568	8P4D3	accepted	species	Zudella paranoe	(Otte, 1994)
8Q56D	8P4D3	accepted	species	Zudella pavida	(Otte, 1994)
8Q542	8P4D3	accepted	species	Zudella hoahoa	(Otte, 1994)
8Q57D	8P4D3	accepted	species	Zudella wahoi	(Otte, 1994)
8Q55K	8P4D3	accepted	species	Zudella molokaiensis	(Perkins, 1899)
8Q55B	8P4D3	accepted	species	Zudella malanai	(Otte, 1994)
8Q54M	8P4D3	accepted	species	Zudella kau	(Otte, 1994)
8Q53G	8P4D3	accepted	species	Zudella eumeles	(Otte, 1994)
BSQK9	8P4D3	synonym	subgenus	Trigonidium (Zudella)	Gorochov, 1988
8Q559	8P4D3	accepted	species	Zudella makau	(Otte, 1994)
8Q579	8P4D3	accepted	species	Zudella venata	(Otte, 1994)
8Q564	8P4D3	accepted	species	Zudella opua	(Otte, 1994)
8Q53W	8P4D3	accepted	species	Zudella hamumu	(Otte, 1994)
8Q55L	8P4D3	accepted	species	Zudella nani	(Otte, 1994)
8Q562	8P4D3	accepted	species	Zudella olomea	(Otte, 1994)
8Q56B	8P4D3	accepted	species	Zudella paraspilos	(Otte, 1994)
8Q563	8P4D3	accepted	species	Zudella ookala	(Otte, 1994)
8Q54V	8P4D3	accepted	species	Zudella kulana	(Otte, 1994)
8Q54B	8P4D3	accepted	species	Zudella illex	(Otte, 1994)
8Q552	8P4D3	accepted	species	Zudella lena	(Otte, 1994)
8Q54H	8P4D3	accepted	species	Zudella kaeka	(Otte, 1994)
8Q539	8P4D3	accepted	species	Zudella awawa	(Otte, 1994)
8Q54S	8P4D3	accepted	species	Zudella kua	(Otte, 1994)
8Q55R	8P4D3	accepted	species	Zudella neokukui	(Otte, 1994)
8Q576	8P4D3	accepted	species	Zudella ua	(Otte, 1994)
8Q556	8P4D3	accepted	species	Zudella makani	(Otte, 1994)
8Q549	8P4D3	accepted	species	Zudella ignava	(Otte, 1994)
8Q56J	8P4D3	accepted	species	Zudella procrusta	(Otte, 1994)
8Q54C	8P4D3	accepted	species	Zudella imitans	(Otte, 1994)
8Q54K	8P4D3	accepted	species	Zudella kalopa	(Otte, 1994)
8Q57G	8P4D3	accepted	species	Zudella waialina	(Otte, 1994)
8Q54W	8P4D3	accepted	species	Zudella kupinai	(Otte, 1994)
8Q545	8P4D3	accepted	species	Zudella hopo	(Otte, 1994)
8Q53Y	8P4D3	accepted	species	Zudella haupu	(Otte, 1994)
8Q56G	8P4D3	accepted	species	Zudella pololu	(Otte, 1994)
8Q53N	8P4D3	accepted	species	Zudella fortuita	(Otte, 1994)
8Q569	8P4D3	accepted	species	Zudella paranoho	(Otte, 1994)
8Q54T	8P4D3	accepted	species	Zudella kukui	(Otte, 1994)
8Q55Y	8P4D3	accepted	species	Zudella ohaka	(Otte, 1994)
8Q557	8P4D3	accepted	species	Zudella makanina	(Otte, 1994)
8Q56K	8P4D3	accepted	species	Zudella promana	(Otte, 1994)
8Q57L	8P4D3	accepted	species	Zudella wiki	(Otte, 1994)
8Q54X	8P4D3	accepted	species	Zudella kupono	(Otte, 1994)
8Q574	8P4D3	accepted	species	Zudella sylvatica	(Otte, 1994)
8Q54Z	8P4D3	accepted	species	Zudella laupele	(Otte, 1994)
8Q56P	8P4D3	accepted	species	Zudella pudica	(Otte, 1994)
8Q56V	8P4D3	accepted	species	Zudella saltator	(Perkins, 1899)
8Q536	8P4D3	accepted	species	Zudella anoe	(Otte, 1994)
8Q55T	8P4D3	accepted	species	Zudella novaginta	(Otte, 1994)
8Q53X	8P4D3	accepted	species	Zudella hapapa	(Otte, 1994)
8Q573	8P4D3	accepted	species	Zudella subrosea	(Perkins, 1899)
8Q56N	8P4D3	accepted	species	Zudella pseudonoe	(Otte, 1994)
8Q56W	8P4D3	accepted	species	Zudella septima	(Otte, 1994)
8Q55H	8P4D3	accepted	species	Zudella mauka	(Otte, 1994)
DK4Y	45VGQ	synonym	species	Anaxipha fulva	(Brunner von Wattenwyl, 1878)
33NZP	45VGQ	synonym	species	Cyrtoxipha fulva	Brunner von Wattenwyl, 1878
33P3X	45VGQ	synonym	species	Cyrtoxiphus fulvus	Brunner von Wattenwyl, 1878
Z53K	8NQ56	accepted	species	Cranistus macilentus	(Saussure, 1878)
Z53L	8NQ56	accepted	species	Cranistus setosus	(Burmeister, 1880)
Z53F	8NQ56	accepted	species	Cranistus bolivianus	Hebard, 1931
Z53H	8NQ56	accepted	species	Cranistus canotus	(Saussure, 1878)
Z53G	8NQ56	accepted	species	Cranistus burmeisteri	Hebard, 1931
Z53J	8NQ56	accepted	species	Cranistus colliurides	Stål, 1861
Z53M	8NQ56	accepted	species	Cranistus similis	(Bruner, 1916)
6VFPP	8NWSQ	accepted	species	Phylloscyrtus vittatus	Gerstaecker, 1863
77FPK	8NWSQ	accepted	species	Phylloscyrtus cicindeloides	Gerstaecker, 1863
8PRG4	8NWSQ	synonym	genus	Thamnoscirtus	Saussure, 1878
77FQ2	8NWSQ	accepted	species	Phylloscyrtus trinotatus	Hebard, 1928
8PQRV	8NWSQ	synonym	genus	Phylloscirtus	Guérin-Méneville, 1844
6VFQ2	8NWSQ	accepted	species	Phylloscyrtus rehni	Costa Lima, 1958
77G22	8NWSQ	accepted	species	Phylloscyrtus viridicatus	(Saussure, 1897)
6VFPL	8NWSQ	accepted	species	Phylloscyrtus intermedius	Hebard, 1928
77FPM	8NWSQ	accepted	species	Phylloscyrtus elegans	Guérin-Méneville, 1844
77FNG	8NWSQ	accepted	species	Phylloscyrtus amoenus	Burmeister, 1880
4H8M6	8NWS2	accepted	species	Phyllopalpus pulchellus	Uhler, 1864
4H8M7	8NWS2	accepted	species	Phyllopalpus pulcher	Walker, 1869
8NWSP	8NWS2	synonym	genus	Phylloscyrtus	
4H8LV	8NWS2	accepted	species	Phyllopalpus batesii	Kirby, 1906
4H8M5	8NWS2	accepted	species	Phyllopalpus nigrovarius	Walker, 1869
4H8LW	8NWS2	accepted	species	Phyllopalpus brunnerianus	(Saussure, 1874)
4H8LX	8NWS2	accepted	species	Phyllopalpus caeruleus	(Saussure, 1874)
9H23S	9GZV4	synonym	species	Polycomus exspiravit	He & Ma, 2022
5YB6Y	3JX3P	synonym	species	Chopardina americana	(Chopard, 1912)
3JX3Q	3JX3P	synonym	species	Hebardiniella americana	(Chopard, 1912)
42FY7	3JX3P	synonym	species	Metioche americana	Chopard, 1912
8PWX6	DK8G	synonym	species	Anaxipha titschaki	
58RVJ	DK56	synonym	species	Trigonidium gracile	Scudder, 1869
8PY6C	DK56	ambiguous synonym	species	Cyrtoxiphus gracilis	(Scudder, 1869)
33P4M	DK56	synonym	species	Cyrtoxiphus tibialis	Saussure, 1897
8P8R3	DK56	synonym	species	Cyrtoxipha azteca	Saussure, 1874
33P3R	DK56	synonym	species	Cyrtoxiphus aztecus	Saussure, 1874
33NZT	DK56	synonym	species	Cyrtoxipha gracilis	(Scudder, 1869)
33P36	DK56	synonym	species	Cyrtoxipha tibialis	Saussure, 1897
DK68	DK57	ambiguous synonym	species	Anaxipha maxima	Chopard, 1917
8PY6B	DK83	synonym	species	Cyrtoxipha stolzmannii	Bolívar, 1881
33P4J	DK83	synonym	species	Cyrtoxiphus stolzmannii	Bolívar, 1881
42FZN	DK7T	synonym	species	Metioche scitula	(Saussure, 1878)
3MG9P	DK7T	synonym	species	Homoeoxiphus scitulus	Saussure, 1878
BY768	66LTP	synonym	species	Anaxipha mjöbergi	Chopard, 1925
33P3B	DK8S	synonym	species	Cyrtoxipha variegata	Chopard, 1912
4H8M3	DK5T	synonym	species	Phyllopalpus latipennis	Walker, 1869
C65NK	DK5T	ambiguous synonym	species	Anaxipha exigua	
5X98L	DK8P	synonym	species	Calyptotrypus unicolor	(Scudder, 1869)
39SWT	DK8P	synonym	species	Eneoptera unicolor	Scudder, 1869
33P38	DK8P	synonym	species	Cyrtoxipha unicolor	(Scudder, 1869)
33NYV	DK3D	synonym	species	Cyrtoxipha atrifrons	Bruner, 1916
33P4H	DK7Z	synonym	species	Cyrtoxiphus smithi	Saussure, 1897
33P2Y	DK7Z	synonym	species	Cyrtoxipha smithi	Saussure, 1897
53J4Y	DK59	synonym	species	Svistella henryi	(Chopard, 1936)
33NYY	DK3W	synonym	species	Cyrtoxipha cayennensis	Saussure, 1897
DK6Y	DK3W	synonym	species	Anaxipha parva	(Chopard, 1913)
33P2Q	DK3W	synonym	species	Cyrtoxipha parva	Chopard, 1913
BVZRT	DK3W	synonym	variety	Cyrtoxiphus aztecus var. cayennensis	Saussure, 1897
33P4R	DK8Y	synonym	species	Cyrtoxiphus vittatus	Bolívar, 1888
33P3F	DK8Y	synonym	species	Cyrtoxipha vittata	Bolívar, 1888
33NZQ	DK52	synonym	species	Cyrtoxipha furva	Karsch, 1893
33P3Y	DK52	synonym	species	Cyrtoxiphus furvus	Karsch, 1893
33P2J	DK6Q	synonym	species	Cyrtoxipha obscuripennis	Chopard, 1930
8P5B5	DK34	synonym	species	Anaxipha tolteca	
33P3Q	DK34	synonym	species	Cyrtoxiphus angusticollis	Saussure, 1874
33NYR	DK34	synonym	species	Cyrtoxipha angusticollis	Saussure, 1874
33P37	DK34	synonym	species	Cyrtoxipha tolteca	Saussure, 1874
33P4N	DK34	synonym	species	Cyrtoxiphus tolteca	Saussure, 1874
33NZG	DK4D	ambiguous synonym	species	Cyrtoxipha delicatula	Scudder, 1878
33NZJ	DK4F	synonym	species	Cyrtoxipha dimidiatipes	Bolívar, 1910
33P2C	DK66	synonym	species	Cyrtoxipha maritima	Saussure, 1878
33P47	DK66	synonym	species	Cyrtoxiphus maritimus	Saussure, 1878
39SWH	DK5H	synonym	species	Eneoptera incompta	Walker, 1869
33P23	DK5H	synonym	species	Cyrtoxipha incompta	(Walker, 1869)
33P2G	DK6P	synonym	species	Cyrtoxipha nitida	Chopard, 1912
53PZF	DK6J	synonym	species	Symphyloxiphus nigrellus	Hebard, 1928
33P25	DK5L	synonym	species	Cyrtoxipha karschi	Karny, 1907
DK85	DK7X	ambiguous synonym	species	Anaxipha straminea	Sjöstedt, 1910
33P3V	DK47	synonym	species	Cyrtoxiphus contaminatus	Karsch, 1893
33NZB	DK47	synonym	species	Cyrtoxipha contaminata	Karsch, 1893
6BXS4	DK46	synonym	species	Cyrtoxipha conspersa	Bruner, 1916
33P49	DK6B	synonym	species	Cyrtoxiphus musicus	Saussure, 1878
33P2F	DK6B	synonym	species	Cyrtoxipha musica	Saussure, 1878
33P29	66M64	synonym	species	Cyrtoxipha lineatocollis	(Serville, 1838)
58RX3	66M64	synonym	species	Trigonidium lineatocolle	Serville, 1838
8PY6D	66M64	synonym	species	Cyrtoxiphus lineatocollis	(Serville, 1838)
33P3Z	DK54	synonym	species	Cyrtoxiphus gilvus	Karsch, 1893
33NZR	DK54	synonym	species	Cyrtoxipha gilva	Karsch, 1893
33P26	DK5Q	synonym	species	Cyrtoxipha lanceolata	(Walker, 1869)
39SWK	DK5Q	synonym	species	Eneoptera lanceolata	Walker, 1869
33NZ3	DK3Z	synonym	species	Cyrtoxipha chichimeca	Saussure, 1878
33P3T	DK3Z	synonym	species	Cyrtoxiphus chichimecus	Saussure, 1878
6BXRS	DK69	synonym	species	Cyrtoxipha aptera	Chopard, 1912
96Z7	DK69	synonym	species	Acheta minutus	(Linnaeus, 1767)
33P48	DK69	synonym	species	Cyrtoxiphus minutus	(Linnaeus, 1767)
6C9S4	DK69	synonym	species	Cyrtoxipha minuta	(Linnaeus, 1767)
3HH4T	DK69	synonym	species	Gryllus minutus	Linnaeus, 1767
C7B2R	DK69	ambiguous synonym	species	Gryllus testaceus	DeGeer, 1773
3HGJF	DK69	synonym	species	Gryllus (Acheta) minutus	Linnaeus, 1767
96XL	DK42	synonym	species	Acheta ciliata	Afzelius & Brannius, 1804
6BY45	DK42	synonym	species	Cyrtoxiphus ciliata	(Afzelius & Brannius, 1804)
33NZ4	DK42	synonym	species	Cyrtoxipha ciliata	(Afzelius & Brannius, 1804)
DK9F	DK7G	synonym	species	Anaxiphus pulicarius	(Burmeister, 1838)
3HH7P	DK7G	ambiguous synonym	species	Gryllus pulicarius	Burmeister, 1838
C57QR	DK7G	ambiguous synonym	species	Anaxipha exigua	
33P32	DK86	synonym	species	Cyrtoxipha straminea	Saussure, 1878
33P4K	DK86	synonym	species	Cyrtoxiphus stramineus	Saussure, 1878
C65NL	DK5K	ambiguous synonym	species	Anaxipha exigua	
39SWJ	DK5K	synonym	species	Eneoptera insularis	Walker, 1869
4H8M2	DK58	synonym	species	Phyllopalpus gracilis	Walker, 1869
8PWX3	DK58	synonym	species	Anaxipha guenzii	
33NZW	DK58	synonym	species	Cyrtoxipha gueinzii	Kirby, 1906
8PWX2	66M5R	synonym	species	Anaxipha desjardensii	
58RV3	66M5R	synonym	species	Trigonidium desjardinsii	Serville, 1838
33P3W	66M5R	synonym	species	Cyrtoxiphus desjardinsii	(Serville, 1838)
33NZH	66M5R	synonym	species	Cyrtoxipha desjardinsii	(Serville, 1838)
33NZ8	DK44	ambiguous synonym	species	Cyrtoxipha concolor	Chopard, 1917
DK6Z	DK5W	synonym	species	Anaxipha pendleburyi	Chopard, 1931
33P2D	DK67	synonym	species	Cyrtoxipha maxima	Bruner, 1916
33NZ2	DK3X	synonym	species	Cyrtoxipha championi	Saussure, 1897
33P3S	DK3X	synonym	species	Cyrtoxiphus championi	Saussure, 1897
4DGQZ	DK53	ambiguous synonym	species	Paratrigonidium fuscocinctum	Chopard, 1925
33P44	DK5G	synonym	species	Cyrtoxiphus imitator	Saussure, 1878
33P22	DK5G	synonym	species	Cyrtoxipha imitator	Saussure, 1878
6BXS5	DK8R	synonym	species	Cyrtoxipha valida	Bolívar, 1910
6C9RT	DK6R	synonym	species	Cyrtoxiphus olmecus	Saussure, 1897
33P2L	DK6R	synonym	species	Cyrtoxipha olmeca	Saussure, 1897
5FL8F	DK73	accepted	subspecies	Anaxipha peruviana peruviana	(Saussure, 1874)
33P2S	DK73	synonym	species	Cyrtoxipha peruviana	Saussure, 1874
7J964	DK73	accepted	subspecies	Anaxipha peruviana ecaudata	Chopard, 1913
33P39	DK8Q	synonym	species	Cyrtoxipha vadschaggae	Sjöstedt, 1910
96XZ	DK4T	synonym	species	Acheta exigua	Say, 1825
8Q2CT	DK4T	synonym	species	Nemobius exigua	(Say, 1825)
58RYB	66LTQ	synonym	species	Trigonidium pallens	Stål, 1861
DK55	377F9	synonym	species	Anaxipha gracilipes	Chopard, 1925
58RP8	8PWCH	accepted	species	Trigonidium (Balamara) marroo	(Otte & Alexander, 1983)
58RP7	8PWCH	accepted	species	Trigonidium (Balamara) gidya	(Otte & Alexander, 1983)
58RP6	8PWCH	accepted	species	Trigonidium (Balamara) albovittatum	(Chopard, 1951)
8P397	8PWCH	synonym	genus	Balamara	Otte & Alexander, 1983
58RR7	8PWCP	accepted	species	Trigonidium (Trigonidium) infuscatum	(Chopard, 1925)
58RSB	8PWCP	accepted	species	Trigonidium (Trigonidium) meekappa	Otte & Alexander, 1983
58RPW	8PWCP	accepted	species	Trigonidium (Trigonidium) brevipenne	Saussure, 1899
9GV2V	8PWCP	accepted	species	Trigonidium (Trigonidium) japonicum	Ichikawa, 2001
BSRLC	8PWCP	synonym	genus	Alamia	Serville, 1838
58RPZ	8PWCP	accepted	species	Trigonidium (Trigonidium) canberrae	Otte & Alexander, 1983
9H23R	8PWCP	accepted	species	Trigonidium (Trigonidium) rubrumoculum	He & Ma, 2022
9GZJH	8PWCP	accepted	species	Trigonidium (Trigonidium) nigripes	Yuan, Ma & Gu, 2022
58RSL	8PWCP	accepted	species	Trigonidium (Trigonidium) nigritum	(Saussure, 1899)
C8QQ3	8PWCP	accepted	species	Trigonidium (Trigonidium) armarina	Otte & Alexander, 1983
8PNQH	8PWCP	synonym	genus	Ceratinopterus	Fieber, 1853
58RRS	8PWCP	accepted	species	Trigonidium (Trigonidium) lalwinya	Otte & Alexander, 1983
58RPJ	8PWCP	accepted	species	Trigonidium (Trigonidium) ahiu	Otte, 1994
58RQ6	8PWCP	accepted	species	Trigonidium (Trigonidium) erythrocephalum	(Walker, 1869)
8P2D8	8PWCP	synonym	genus	Trigonidium	Rambur, 1838
8Q4K2	8PWCP	accepted	species	Trigonidium (Trigonidium) solis	Tan, Baroga-Barbecho & Yap, 2019
58RT5	8PWCP	accepted	species	Trigonidium (Trigonidium) parinerve	(Chopard, 1925)
58RPY	8PWCP	accepted	species	Trigonidium (Trigonidium) canara	Otte & Alexander, 1983
58RTM	8PWCP	accepted	species	Trigonidium (Trigonidium) rubellonigrum	Gorochov, 1987
58RSN	8PWCP	accepted	species	Trigonidium (Trigonidium) novarae	(Saussure, 1878)
8QKKT	8PWCP	synonym	subgenus	Trigonidium (Alamia)	Serville, 1838
58RPX	8PWCP	accepted	species	Trigonidium (Trigonidium) bundilla	Otte & Alexander, 1983
58RQG	8PWCP	accepted	species	Trigonidium (Trigonidium) goobita	Otte & Alexander, 1983
58RQ2	8PWCP	accepted	species	Trigonidium (Trigonidium) cicindeloides	Rambur, 1838
58RQJ	8PWCP	accepted	species	Trigonidium (Trigonidium) guineense	(Saussure, 1878)
58RRG	8PWCP	accepted	species	Trigonidium (Trigonidium) killawarra	Otte & Alexander, 1983
58RQX	8PWCP	accepted	species	Trigonidium (Trigonidium) humbertianum	(Saussure, 1878)
58RR8	8PWCP	accepted	species	Trigonidium (Trigonidium) inopinum	Otte & Cowper, 2007
58RPT	8PWCP	accepted	species	Trigonidium (Trigonidium) australianum	(Chopard, 1925)
7D48V	8PWCL	accepted	species	Trigonidium (Parametioche) rectinerve	(Chopard, 1951)
8P46C	8PWCL	synonym	genus	Parametioche	Otte & Alexander, 1983
BXPW2	B7ZK8	accepted	species	Trigonidium (Superstes) payendeei	(Hugel, 2012)
BXPSR	B7ZK8	accepted	species	Trigonidium (Superstes) superbum	(Hugel, 2012)
BWGH6	B7ZK8	synonym	subgenus	Metioche (Superstes)	Hugel, 2012
BX3X8	8PVYZ	accepted	species	Trigonidium (Metioche) bicolor	Stål, 1861
BX3X7	8PVYZ	accepted	species	Trigonidium (Metioche) apicale	Chopard, 1930
BX3XD	8PVYZ	accepted	species	Trigonidium (Metioche) fuscum	Chopard, 1917
BX3XM	8PVYZ	accepted	species	Trigonidium (Metioche) kotoshoense	Shiraki, 1930
BX3XN	8PVYZ	accepted	species	Trigonidium (Metioche) maoricum	(Walker, 1869)
8PPXN	8PVYZ	synonym	genus	Litogryllus	Hebard, 1926
BSQWR	8PVYZ	synonym	genus	Piestoxiphus	Saussure, 1878
BX3XC	8PVYZ	accepted	species	Trigonidium (Metioche) fuscicorne	Stål, 1861
BXMJJ	8PVYZ	accepted	species	Trigonidium (Metioche) nigrum	(Chopard, 1927)
BXMJD	8PVYZ	accepted	species	Trigonidium (Metioche) laterale	(Chopard, 1927)
BX3XF	8PVYZ	accepted	species	Trigonidium (Metioche) gigas	Bolívar, 1900
58RPD	8PVYZ	accepted	species	Trigonidium (Metioche) vittaticolle	Stål, 1861
BTGWM	8PVYZ	accepted	species	Trigonidium (Metioche) pallipes	Stål, 1861
BX3X9	8PVYZ	accepted	species	Trigonidium (Metioche) bolivianum	Chopard, 1956
BXPSQ	8PVYZ	accepted	species	Trigonidium (Metioche) baroalbae	(Otte & Alexander, 1983)
BXMJK	8PVYZ	accepted	species	Trigonidium (Metioche) pallidinerve	(Chopard, 1928)
BXPTF	8PVYZ	accepted	species	Trigonidium (Metioche) monteithi	(Otte & Alexander, 1983)
BXMJL	8PVYZ	accepted	species	Trigonidium (Metioche) quadrimaculatum	(Chopard, 1952)
BXMJP	8PVYZ	accepted	species	Trigonidium (Metioche) substriatum	(Chopard, 1962)
BXMJ9	8PVYZ	accepted	species	Trigonidium (Metioche) fascithorax	(Chopard, 1929)
BXPTS	8PVYZ	accepted	species	Trigonidium (Metioche) luteolum	(Butler, 1876)
BXMJ7	8PVYZ	accepted	species	Trigonidium (Metioche) bimaculatum	(Chopard, 1952)
BXMJH	8PVYZ	accepted	species	Trigonidium (Metioche) minusculum	(Chopard, 1962)
BX3XP	8PVYZ	accepted	species	Trigonidium (Metioche) massaicum	Sjöstedt, 1910
8NV9N	8PVYZ	synonym	genus	Metioche	Stål, 1877
BX3XQ	8PVYZ	accepted	species	Trigonidium (Metioche) pallidicorne	Stål, 1861
BXMJM	8PVYZ	accepted	species	Trigonidium (Metioche) schoutedeni	(Chopard, 1934)
8Q4JY	8PVYZ	accepted	species	Trigonidium (Metioche) tacitum	(Saussure, 1878)
BXMJB	8PVYZ	accepted	species	Trigonidium (Metioche) fusconatata	(Chopard, 1934)
BXMJG	8PVYZ	accepted	species	Trigonidium (Metioche) machadoi	(Chopard, 1962)
BXMJN	8PVYZ	accepted	species	Trigonidium (Metioche) sexmaculatum	(Chopard, 1952)
BX3XG	8PVYZ	accepted	species	Trigonidium (Metioche) haanii	Saussure, 1878
7D3X7	8PVYZ	accepted	species	Trigonidium (Metioche) chamadara	Sugimoto, 2001
BXMJ8	8PVYZ	accepted	species	Trigonidium (Metioche) comoranum	(Chopard, 1956)
BXPTJ	8PVYZ	accepted	species	Trigonidium (Metioche) ornatipes	(Chopard, 1927)
BXMJC	8PVYZ	accepted	species	Trigonidium (Metioche) kuthyi	(Chopard, 1927)
BX3XR	8PVYZ	accepted	species	Trigonidium (Metioche) perpusillum	Bolívar, 1912
BXMJF	8PVYZ	accepted	species	Trigonidium (Metioche) lesnei	(Chopard, 1935)
BWTTN	8PVYZ	accepted	species	Trigonidium (Metioche) nigripes	(Chopard, 1926)
BXPT3	8PVYZ	accepted	species	Trigonidium (Metioche) oculare	(Saussure, 1899)
8PVWR	8PVYZ	synonym	subgenus	Homoeoxiphus (Piestoxiphus)	Saussure, 1878
58RP9	8PVYZ	accepted	species	Trigonidium (Metioche) bolivari	(Chopard, 1968)
BX3XB	8PVYZ	accepted	species	Trigonidium (Metioche) flavipes	Brunner von Wattenwyl, 1878
58RPG	4DGRD	synonym	species	Trigonidium (Paratrigonidium) topali	Gorochov, 1987
BTTGN	4DGRB	synonym	species	Trigonidium (Paratrigonidium) striatum	(Shiraki, 1911)
BTWDF	4DGRH	synonym	species	Trigonidium (Paratrigonidium) venustulum	(Saussure, 1878)
33P4Q	4DGRH	synonym	species	Cyrtoxiphus venustulus	Saussure, 1878
33P3C	4DGRH	synonym	species	Cyrtoxipha venustula	Saussure, 1878
DK8T	4DGRH	synonym	species	Anaxipha venustula	(Saussure, 1878)
53J53	4DGRH	synonym	species	Svistella venustula	(Saussure, 1878)
4DGRK	4DGRH	synonym	species	Paratrigonidium vittatum	Brunner von Wattenwyl, 1893
4DGR3	4DGR4	synonym	species	Paratrigonidium javanicus	Caudell, 1927
BTTGP	7645S	synonym	species	Trigonidium (Paratrigonidium) transversum	(Shiraki, 1930)
58RPF	4DGQT	synonym	species	Trigonidium (Paratrigonidium) darevskii	Gorochov, 1987
8Q4JZ	4DGR7	synonym	species	Trigonidium (Paratrigonidium) nitidum	(Brunner von Wattenwyl, 1893)
BTYNC	4DGR5	synonym	species	Trigonidium (Paratrigonidium) majusculum	(Karny, 1915)
8P8R7	3X2KC	ambiguous synonym	species	Cyrtoxiphus gracilis	Saussure, 1897
6BY44	3X2KC	synonym	species	Cyrtoxipha granadensis	Rehn, 1905
33P46	3X2KC	synonym	species	Cyrtoxiphus macilentus	Saussure, 1897
33P2B	3X2KC	synonym	species	Cyrtoxipha macilenta	Saussure, 1897
33NZV	42G26	synonym	species	Cyrtoxipha greeni	Chopard, 1925
7KBHR	42G28	accepted	subspecies	Metiochodes karnyi karnyi	(Chopard, 1930)
42FYW	42G28	synonym	species	Metioche karnyi	Chopard, 1930
5JNPD	42G28	accepted	subspecies	Metiochodes karnyi albifrons	(Chopard, 1929)
DK9D	6RTSS	synonym	species	Anaxiphus averni	(Costa, 1855)
66LTM	6RTSS	synonym	species	Anaxipha averni	(Costa, 1855)
4684K	6RTSS	synonym	species	Nemobius averni	Costa, 1855
DK6V	6S64S	synonym	species	Anaxipha pallidula	Matsumura, 1910
33P4B	6S64S	synonym	species	Cyrtoxiphus pallidulus	(Matsumura, 1910)
33P2P	6S64S	synonym	species	Cyrtoxipha pallidula	(Matsumura, 1910)
66M68	6S64S	synonym	species	Anaxiphus pallidulus	Matsumura, 1910
DK64	6RTT4	synonym	species	Anaxipha manipurensis	Bhowmik, 1968
33P2W	6RTT4	synonym	species	Cyrtoxipha pusilla	Saussure, 1878
33P33	6RTT4	synonym	species	Cyrtoxipha straminula	Brunner von Wattenwyl, 1893
6C9RS	6RTT4	synonym	species	Cyrtoxipha longipennis	(Serville, 1838)
DK5X	6RTT4	synonym	species	Anaxipha longipennis	(Serville, 1838)
8PY6F	6RTT4	synonym	species	Cyrtoxiphus longipennis	(Serville, 1838)
33P4F	6RTT4	synonym	species	Cyrtoxiphus pusillus	Saussure, 1878
DK7J	6RTT4	synonym	species	Anaxipha pusilla	(Saussure, 1878)
33P4L	6RTT4	synonym	species	Cyrtoxiphus straminulus	Brunner von Wattenwyl, 1893
58RX5	6RTT4	synonym	species	Trigonidium longipenne	Serville, 1838
DK7B	6S654	synonym	species	Anaxipha pravdini	Gorochov, 1985
DK33	6S5SS	synonym	species	Anaxipha anaxiphoides	(Chopard, 1925)
33NYQ	6S5SS	synonym	species	Cyrtoxipha anaxiphoides	Chopard, 1925
8PF2G	8Q3WB	synonym	species	Metioche peruviana	Chopard, 1956
8PF2B	8Q3WB	synonym	species	Metioche (Metioche) peruviana	Chopard, 1956
8Q3W9	8QKTG	synonym	species	Sectus integrum	Ma & Pan, 2019
BTL2Z	5CX8M	synonym	subspecies	Zarceus fallaciosus fallaciosus	Bolívar, 1895
DK4J	53J4W	synonym	species	Anaxipha dubia	Liu & Yin, 1993
DK7Q	53J4Z	synonym	species	Anaxipha rufonotata	Chopard, 1932
8PKDW	53J4Z	synonym	species	Svistella tympanalis	He, Li & Liu, 2009
7D48Y	7B649	synonym	species	Trigonidium bifasciatum	(Shiraki, 1911)
4DGQL	7B649	synonym	species	Paratrigonidium bifasciatum	Shiraki, 1911
DK9G	7B649	synonym	species	Anaxiphus vittatipes	Matsumura, 1913
58RV4	4S6TS	synonym	species	Trigonidium elegans	Bolívar, 1910
5KW43	795ML	accepted	subspecies	Rhicnogryllus tahitensis decorus	Chopard, 1930
C87JM	795ML	accepted	subspecies	Rhicnogryllus tahitensis tahitensis	(Saussure, 1878)
C58RV	795ML	accepted	subspecies	Rhicnogryllus tahitensis tahitense	(Saussure, 1878)
58RZB	795ML	synonym	species	Trigonidium tahitensis	Saussure, 1878
58RY3	4S6TY	synonym	species	Trigonidium ogasawarensis	(Shiraki, 1930)
4S6TX	4S6TY	synonym	species	Rhicnogryllus ogarawarensis	Shiraki, 1930
58RY2	4S6TY	synonym	species	Trigonidium ogarawarensis	Shiraki, 1930
8Q4KS	4S6TY	synonym	species	Trigonidium ogsawarensis	
8P4CT	8PVKC	synonym	genus	Usgmona	Furukawa, 1970
66GW5	8PVKC	accepted	species	Amusurgus (Usgmona) excavatus	Liu, Shi & Zhou, 2015
D8KB	8PVKC	accepted	species	Amusurgus (Usgmona) genji	(Furukawa, 1970)
D8K5	8PVK9	accepted	species	Amusurgus (Amusurgus) unicolor	(Chopard, 1925)
8NLZV	8PVK9	synonym	genus	Amusurgus	Brunner von Wattenwyl, 1893
BSN4P	8PVK9	synonym	subgenus	Amusurgus (Paranaxipha)	Chopard, 1925
9GZNK	8PVK9	accepted	species	Amusurgus (Amusurgus) caerulus	Tan, 2022
D8JX	8PVK9	accepted	species	Amusurgus (Amusurgus) mubboonis	Otte & Alexander, 1983
D8JW	8PVK9	accepted	species	Amusurgus (Amusurgus) minmirri	Otte & Alexander, 1983
D8K3	8PVK9	accepted	species	Amusurgus (Amusurgus) speculifer	Chopard, 1936
D8JR	8PVK9	accepted	species	Amusurgus (Amusurgus) fascifrons	Chopard, 1951
D8JS	8PVK9	accepted	species	Amusurgus (Amusurgus) fulvus	Brunner von Wattenwyl, 1893
66GVT	8PVK9	accepted	species	Amusurgus (Amusurgus) kanyakis	Otte & Alexander, 1983
8QK87	8PVK9	accepted	species	Amusurgus (Amusurgus) ornatipes	(Chopard, 1925)
8P46D	8PVK9	synonym	genus	Paranaxipha	Chopard, 1925
D8K2	8PVK9	accepted	species	Amusurgus (Amusurgus) oedemeroides	(Walker, 1871)
D8JY	8PVK9	accepted	species	Amusurgus (Amusurgus) nilarius	Otte & Alexander, 1983
D8JZ	8PVK9	accepted	species	Amusurgus (Amusurgus) noorundi	Otte & Alexander, 1983
D8JV	8PVK9	accepted	species	Amusurgus (Amusurgus) maculatus	Chopard, 1927
D8JQ	8PVK9	accepted	species	Amusurgus (Amusurgus) bispinosus	He, Li, Fang & Liu, 2010
D8JN	8PVK9	accepted	species	Amusurgus (Amusurgus) africanus	Chopard, 1936
D8K6	8PVK9	accepted	species	Amusurgus (Amusurgus) xanthoneurus	(Chopard, 1940)
D8JT	8PVK9	accepted	species	Amusurgus (Amusurgus) hackeri	(Chopard, 1951)
D8K4	8PVK9	accepted	species	Amusurgus (Amusurgus) tinka	Otte & Alexander, 1983
D8JP	8PVK9	accepted	species	Amusurgus (Amusurgus) angustus	(Chopard, 1925)
8Q4KC	58S2B	synonym	species	Trigonidium (Trigonidomorpha) sjostedti	(Chopard, 1925)
8PF2C	58S2B	synonym	species	Metioche areolata	(Chopard, 1925)
8PL2H	58S2B	synonym	species	Trigonidomorpha areolata	Chopard, 1925
8PKW3	58S26	synonym	species	Trigonidiomorpha lineatifrons	Chopard, 1935
8Q4K3	8PL2G	synonym	species	Trigonidium (Trigonidomorpha) ammonga	(Otte & Alexander, 1983)
7D48Q	58S25	synonym	species	Trigonidium (Trigonidomorpha) kundui	(Bhowmik, 1971)
33P43	33NZX	synonym	species	Cyrtoxiphus gundlachi	Saussure, 1874
3HH7R	33P2V	synonym	species	Gryllus pumilus	Burmeister, 1838
DK7H	33P2V	synonym	species	Anaxipha pumila	(Burmeister, 1838)
DK43	33NZ6	synonym	species	Anaxipha columbiana	(Caudell, 1907)
BTJRB	33NZ6	synonym	subspecies	Cyrtoxipha gundlachi columbiana	Caudell, 1907
6C9S5	6BXRT	synonym	species	Cyrtoxiphus poeyi	Bolívar, 1888
42G22	9GZVC	synonym	species	Metiochodes denticulatus	Liu & Shi, 2011
C6827	9GZV8	synonym	species	Amusurgus fujianensis	Wang, Zheng & Woo, 1999
C56LS	9GZV8	synonym	species	Amusurgus (Paranaxipha) fujianensis	Wang, Zheng & Woo, 1999
8QKFL	9GZV8	synonym	species	Sectus fujianensis	(Wang, Zheng & Woo, 1999)
8P54R	9GZVB	synonym	species	Amusurgus (Paranaxipha) hainanensis	He, Li, Fang & Liu, 2010
8Q3W8	9GZVB	synonym	species	Sectus hainanensis	(He, Li, Fang & Liu, 2010)
BTM4W	3MG99	synonym	variety	Homoeoxipha lycoides var. obliterata	(Caudell, 1927)
BTWF7	3MG99	synonym	variety	Cyrtoxipha ritsemae var. obliterata	Caudell, 1927
42FYR	3MG94	synonym	species	Metioche histeriformis	Bolívar, 1914
3MG9B	3MG8Y	synonym	species	Homoeoxiphus amoenus	Bolívar, 1914
33P35	6MB6P	synonym	species	Cyrtoxipha thoracica	Chopard, 1915
33P2X	3MG95	synonym	species	Cyrtoxipha ritsemae	Saussure, 1878
33P4G	3MG95	synonym	species	Cyrtoxiphus ritsemae	Saussure, 1878
3MG9G	3MG95	synonym	species	Homoeoxiphus histrio	Saussure, 1878
4H8M4	3MG95	synonym	species	Phyllopalpus lycoides	Walker, 1869
8PCSN	8Q2FV	synonym	species	Laupala pacifica	Otte, 1994
8PCSD	8Q2GH	synonym	species	Laupala mediaspisa	Otte, 1994
8PCRT	8Q2FX	synonym	species	Laupala eupacifica	Otte, 1994
8PCSF	8Q2GJ	synonym	species	Laupala melewiki	Shaw, 2000
8PCRW	8Q2FZ	synonym	species	Laupala hapapa	Otte, 1994
8PCS7	8Q2GB	synonym	species	Laupala kona	Otte, 1994
8PCSB	8Q2GF	synonym	species	Laupala makaweli	Otte, 1994
8PCS5	8Q2G8	synonym	species	Laupala kolea	Otte, 1994
8PCRX	8Q2G2	synonym	species	Laupala hualalai	Otte, 1994
8PCSZ	8Q2H4	synonym	species	Laupala wailua	Otte, 1994
8PCST	8Q2GX	synonym	species	Laupala pruna	Otte, 1994
8PCSH	8Q2GL	synonym	species	Laupala neospisa	Otte, 1994
8PCSW	8Q2GZ	synonym	species	Laupala tantalis	Otte, 1994
8PCS4	8Q2G7	synonym	species	Laupala kokeensis	Otte, 1994
8PCSX	8Q2H2	synonym	species	Laupala vespertina	Otte, 1994
8PCSM	8Q2GQ	synonym	species	Laupala olohena	Otte, 1994
8PCS9	8Q2GD	synonym	species	Laupala makaio	Shaw, 2000
8PCRS	8Q2FW	synonym	species	Laupala eukolea	Otte, 1994
8PCS8	8Q2GC	synonym	species	Laupala lanaiensis	Otte, 1994
8PCSG	8Q2GK	synonym	species	Laupala molokaiensis	Otte, 1994
8PCSP	8Q2GS	synonym	species	Laupala paranigra	Otte, 1994
8PCSK	8Q2GN	synonym	species	Laupala nui	Otte, 1994
8PCRZ	8Q2G4	synonym	species	Laupala kanaele	Otte, 1994
8PCRY	8Q2G3	synonym	species	Laupala kai	Otte, 1994
8PCSL	8Q2GP	synonym	species	Laupala oahuensis	Otte, 1994
8PCS3	8Q2G6	synonym	species	Laupala kohalensis	Otte, 1994
8PCSC	8Q2GG	synonym	species	Laupala media	Otte, 1994
8PCSJ	8Q2GM	synonym	species	Laupala nigra	Otte, 1994
8PCRV	8Q2FY	synonym	species	Laupala fugax	Otte, 1994
8PCS2	8Q2G5	synonym	species	Laupala kauaiensis	Otte, 1994
8PCSY	8Q2H3	synonym	species	Laupala waikemoi	Otte, 1994
8PCSS	8Q2GW	synonym	species	Laupala prosea	Otte, 1994
8PCSV	8Q2GY	synonym	species	Laupala spisa	Otte, 1994
8PCS6	8Q2G9	synonym	species	Laupala koloa	Otte, 1994
8PCSQ	8Q2GT	synonym	species	Laupala parapacifica	Otte, 1994
8PCSR	8Q2GV	synonym	species	Laupala paraprosea	Otte, 1994
8Q2XC	8Q2GR	synonym	species	Paratrigonidium pacificum	(Scudder, 1869)
8PCRR	8Q2GR	synonym	species	Laupala cerasina	Otte, 1994
8Q4KT	8Q2GR	synonym	species	Trigonidium pacificum	Scudder, 1869
3MG8X	DCDC	synonym	species	Homoeoxipha albotibialis	La Baume, 1911
DK3G	53PZB	synonym	species	Anaxipha bicolor	Chopard, 1913
BV6D6	53PZB	synonym	species	Symphiloxiphus bicolor	(Chopard, 1913)
7B79D	53PZD	synonym	species	Symphyloxiphus magnificum	Rehn, 1906
BV6RZ	7B6XD	synonym	species	Cyrtoxipha abbreviata	Bruner, 1916
DK76	53PZG	synonym	species	Anaxipha pictus	(Saussure, 1897)
33P4D	53PZG	synonym	species	Cyrtoxiphus pictus	Saussure, 1897
33P2T	53PZG	synonym	species	Cyrtoxipha pictus	Saussure, 1897
BV6LP	53PZJ	synonym	species	Symphiloxiphus riveti	(Chopard, 1913)
DK7L	53PZJ	synonym	species	Anaxipha riveti	Chopard, 1913
DK3P	33P3G	synonym	species	Anaxipha brevipes	Chopard, 1929
66LTR	33P3H	synonym	species	Anaxipha curtipennis	Chopard, 1929
66M62	33P3M	synonym	species	Anaxipha pubescens	Chopard, 1925
6BY3T	33P3N	synonym	species	Cyrtoxipha villosa	Chopard, 1934
DK5B	33P3J	synonym	species	Anaxipha hopkinsi	Chopard, 1929
8Q57C	C3BZL	synonym	species	Zudella viridiscens	(Perkins, 1899)
BZMZ7	C3BZL	synonym	species	Paratrigonidium viridescens	Perkins, 1899
8Q4KZ	C3BZL	synonym	species	Trigonidium viridiscens	(Perkins, 1899)
8PGQW	C3BZL	synonym	species	Paratrigonidium viridiscens	(Perkins, 1899)
8PKYP	8Q55S	synonym	species	Trigonidium neovarians	Otte, 1994
8PKZT	8Q56Y	synonym	species	Trigonidium sibilans	Otte, 1994
8PKZK	8Q56M	synonym	species	Trigonidium pseudoli	Otte, 1994
8PKW5	8PLL8	synonym	species	Trigonidium (Zudella) hawaiiensis	(Gorochov, 1988)
8PKXQ	8PLL8	synonym	species	Trigonidium kolekole	Otte, 1994
8PHXC	8Q53R	synonym	species	Trigonidium grande	(Perkins, 1899)
8PGQN	8Q53R	synonym	species	Paratrigonidium grande	Perkins, 1899
8PKZ8	8Q56C	synonym	species	Trigonidium paroctonalis	Otte, 1994
8PKYF	8Q55F	synonym	species	Trigonidium manuka	Carvalho & Otte, 2006
8PKY3	8Q553	synonym	species	Trigonidium ligna	Otte, 1994
8PL28	8Q57F	synonym	species	Trigonidium wai	Otte, 1994
8PGQK	8Q53L	synonym	species	Paratrigonidium filicum	Perkins, 1899
8Q4KM	8Q53L	synonym	species	Trigonidium filicum	(Perkins, 1899)
8Q4KY	8Q578	synonym	species	Trigonidium varians	(Perkins, 1899)
8PGQV	8Q578	synonym	species	Paratrigonidium varians	Perkins, 1899
8PKXD	8Q54G	synonym	species	Trigonidium iuka	Otte, 1994
8PKXH	8Q54J	synonym	species	Trigonidium kahua	Otte, 1994
8PKXB	8Q54F	synonym	species	Trigonidium incongruum	Otte, 1994
8PKYL	8Q55P	synonym	species	Trigonidium nele	Otte, 1994
8PL24	8Q577	synonym	species	Trigonidium ulaino	Otte, 1994
8PKWL	8Q53M	synonym	species	Trigonidium flectens	Otte, 1994
8PKWY	8Q543	synonym	species	Trigonidium hoku	Otte, 1994
8Q4KV	8Q56T	synonym	species	Trigonidium roseum	(Perkins, 1899)
8PGQR	8Q56T	synonym	species	Paratrigonidium roseum	Perkins, 1899
8PGQL	8Q53P	synonym	species	Paratrigonidium freycinetiae	Perkins, 1899
8Q4KN	8Q53P	synonym	species	Trigonidium freycinetiae	(Perkins, 1899)
8PGQG	8Q53C	synonym	species	Paratrigonidium crepitans	Perkins, 1899
8Q4KK	8Q53C	synonym	species	Trigonidium crepitans	(Perkins, 1899)
8PKZF	8Q56H	synonym	species	Trigonidium proalina	Otte, 1994
8PKXM	8Q54N	synonym	species	Trigonidium kewai	Otte, 1994
8PKXY	8Q54Y	synonym	species	Trigonidium languidum	Otte, 1994
8PKW6	8Q52Z	synonym	species	Trigonidium acuste	Otte, 1994
8PKYG	8Q55G	synonym	species	Trigonidium mauiensis	Otte, 1994
8PKY5	8Q555	synonym	species	Trigonidium mahina	Otte, 1994
8PKWW	8Q53Z	synonym	species	Trigonidium hehelo	Otte, 1994
8PKXN	8Q54P	synonym	species	Trigonidium kohala	Otte, 1994
8PKWQ	8Q53T	synonym	species	Trigonidium halulu	Otte, 1994
8PKXP	8Q54Q	synonym	species	Trigonidium kolea	Otte, 1994
8PKWD	8Q53B	synonym	species	Trigonidium awiwi	Otte, 1994
8PKWZ	8Q544	synonym	species	Trigonidium holomua	Otte, 1994
8PKX4	8Q547	synonym	species	Trigonidium hyperkona	Otte, 1994
8PKZN	8Q56Q	synonym	species	Trigonidium puiwa	Otte, 1994
8PKX5	8Q548	synonym	species	Trigonidium iao	Otte, 1994
8PKYJ	8Q55J	synonym	species	Trigonidium mokuleia	Carvalho & Otte, 2006
8PKYR	8Q55V	synonym	species	Trigonidium novena	Otte, 1994
8PKW8	8Q533	synonym	species	Trigonidium akaka	Otte, 1994
8PKZ4	8Q567	synonym	species	Trigonidium paramana	Otte, 1994
8PKW9	8Q534	synonym	species	Trigonidium alina	Otte, 1994
8PKXR	8Q54R	synonym	species	Trigonidium kona	Otte, 1994
8PKYD	8Q55D	synonym	species	Trigonidium mana	Otte, 1994
8PKWJ	8Q53J	synonym	species	Trigonidium exiguum	Perkins, 1899
8PGQJ	8Q53J	synonym	species	Paratrigonidium exiguum	(Perkins, 1899)
8PKWK	8Q53K	synonym	species	Trigonidium exuberans	Otte, 1994
8PL22	8Q575	synonym	species	Trigonidium triens	Otte, 1994
8PKWF	8Q53D	synonym	species	Trigonidium crustum	Otte, 1994
8PKYC	8Q55C	synonym	species	Trigonidium malela	Otte, 1994
8PKYM	8Q55Q	synonym	species	Trigonidium neogrande	Otte, 1994
8PKZS	8Q56X	synonym	species	Trigonidium sextum	Otte, 1994
8PKZV	8Q56Z	synonym	species	Trigonidium silvicola	Otte, 1994
BTHTP	8Q538	synonym	species	Zudella alternatum	(Kirby, 1906)
BTGWF	8Q538	synonym	species	Trigonidium alternatum	(Kirby, 1906)
8PGQD	8Q538	synonym	species	Paratrigonidium attenuatum	Perkins, 1899
BT8L6	8Q538	synonym	species	Paratrigonidium alternatum	Kirby, 1906
8Q4KH	8Q538	synonym	species	Trigonidium attenuatum	(Perkins, 1899)
8PKXK	8Q54L	synonym	species	Trigonidium kapipi	Otte, 1994
8PKYW	8Q55Z	synonym	species	Trigonidium ola	Otte, 1994
8PKZW	8Q572	synonym	species	Trigonidium spilos	Otte, 1994
8PKWR	8Q53V	synonym	species	Trigonidium hamakua	Otte, 1994
8PKW7	8Q532	synonym	species	Trigonidium aka	Otte, 1994
8PKWP	8Q53S	synonym	species	Trigonidium haawina	Otte, 1994
8PKY8	8Q558	synonym	species	Trigonidium makapala	Otte, 1994
8PKYS	8Q55W	synonym	species	Trigonidium octavum	Otte, 1994
8PKZ2	8Q565	synonym	species	Trigonidium pahiwa	Otte, 1994
8Q4KL	8Q53F	synonym	species	Trigonidium debile	(Perkins, 1899)
8PGQH	8Q53F	synonym	species	Paratrigonidium debile	Perkins, 1899
8PGQC	8Q537	synonym	species	Paratrigonidium atroferrugineum	Brunner von Wattenwyl, 1895
8Q4KG	8Q537	synonym	species	Trigonidium atroferrugineum	(Brunner von Wattenwyl, 1895)
8PKWH	8Q53H	synonym	species	Trigonidium excultatum	Otte, 1994
8PL2B	8Q57H	synonym	species	Trigonidium waikua	Otte, 1994
8PKZC	8Q56F	synonym	species	Trigonidium pipili	Otte, 1994
8PL2D	8Q57K	synonym	species	Trigonidium waipuna	Otte, 1994
8PKX9	8Q54D	synonym	species	Trigonidium improbum	Otte, 1994
8PGQQ	8Q56S	synonym	species	Paratrigonidium robustum	(Perkins, 1899)
8PKZQ	8Q56S	synonym	species	Trigonidium robustum	Perkins, 1899
8PKZJ	8Q56L	synonym	species	Trigonidium pseudokua	Otte, 1994
8PKY4	8Q554	synonym	species	Trigonidium liula	Otte, 1994
8PKX3	8Q546	synonym	species	Trigonidium huapala	Otte, 1994
8PL2C	8Q57J	synonym	species	Trigonidium waimea	Otte, 1994
8PKZ3	8Q566	synonym	species	Trigonidium palai	Otte, 1994
8PL26	8Q57B	synonym	species	Trigonidium virens	Otte, 1994
8PKYT	8Q55X	synonym	species	Trigonidium octonalis	Otte, 1994
BZXBL	8Q55M	synonym	species	Zudella napua	Carvalho & Otte, 2006
8Q4KQ	8Q55M	synonym	species	Trigonidium napau	Carvalho & Otte, 2006
8PKWN	8Q53Q	synonym	species	Trigonidium fritinnium	Otte, 1994
8PKZP	8Q56R	synonym	species	Trigonidium puukani	Otte, 1994
8PKZ5	8Q568	synonym	species	Trigonidium paranoe	Otte, 1994
8PKZ9	8Q56D	synonym	species	Trigonidium pavida	Otte, 1994
8PKWX	8Q542	synonym	species	Trigonidium hoahoa	Otte, 1994
8PL27	8Q57D	synonym	species	Trigonidium wahoi	Otte, 1994
8PGQP	8Q55K	synonym	species	Paratrigonidium molokaiense	Perkins, 1899
8Q4KP	8Q55K	synonym	species	Trigonidium molokaiense	(Perkins, 1899)
8PKYB	8Q55B	synonym	species	Trigonidium malanai	Otte, 1994
8PKXL	8Q54M	synonym	species	Trigonidium kau	Otte, 1994
8PKWG	8Q53G	synonym	species	Trigonidium eumeles	Otte, 1994
8PKY9	8Q559	synonym	species	Trigonidium makau	Otte, 1994
8PL25	8Q579	synonym	species	Trigonidium venatum	Otte, 1994
8PKYZ	8Q564	synonym	species	Trigonidium opua	Otte, 1994
8PKWS	8Q53W	synonym	species	Trigonidium hamumu	Otte, 1994
8PKYK	8Q55L	synonym	species	Trigonidium nani	Otte, 1994
8PKYX	8Q562	synonym	species	Trigonidium olomea	Otte, 1994
8PKZ7	8Q56B	synonym	species	Trigonidium paraspilos	Otte, 1994
8PKYY	8Q563	synonym	species	Trigonidium ookala	Otte, 1994
8PKXV	8Q54V	synonym	species	Trigonidium kulana	Otte, 1994
8PKX7	8Q54B	synonym	species	Trigonidium illex	Otte, 1994
8PKY2	8Q552	synonym	species	Trigonidium lena	Otte, 1994
8PKXG	8Q54H	synonym	species	Trigonidium kaeka	Otte, 1994
8PKWC	8Q539	synonym	species	Trigonidium awawa	Otte, 1994
8PKXS	8Q54S	synonym	species	Trigonidium kua	Otte, 1994
8PKYN	8Q55R	synonym	species	Trigonidium neokukui	Otte, 1994
8PL23	8Q576	synonym	species	Trigonidium ua	Otte, 1994
8PKY6	8Q556	synonym	species	Trigonidium makani	Otte, 1994
8PKX6	8Q549	synonym	species	Trigonidium ignavum	Otte, 1994
8PKZG	8Q56J	synonym	species	Trigonidium procrustum	Otte, 1994
8PKX8	8Q54C	synonym	species	Trigonidium imitans	Otte, 1994
8PKXJ	8Q54K	synonym	species	Trigonidium kalopa	Otte, 1994
8PL29	8Q57G	synonym	species	Trigonidium waialina	Otte, 1994
8PKXW	8Q54W	synonym	species	Trigonidium kupinai	Otte, 1994
8PKX2	8Q545	synonym	species	Trigonidium hopo	Otte, 1994
8PKWV	8Q53Y	synonym	species	Trigonidium haupu	Otte, 1994
8PKZD	8Q56G	synonym	species	Trigonidium pololu	Otte, 1994
8PKWM	8Q53N	synonym	species	Trigonidium fortuitum	Otte, 1994
8PKZ6	8Q569	synonym	species	Trigonidium paranoho	Otte, 1994
8PKXT	8Q54T	synonym	species	Trigonidium kukui	Otte, 1994
8PKYV	8Q55Y	synonym	species	Trigonidium ohaka	Otte, 1994
8PKY7	8Q557	synonym	species	Trigonidium makanina	Otte, 1994
8PKZH	8Q56K	synonym	species	Trigonidium promana	Otte, 1994
8PL2F	8Q57L	synonym	species	Trigonidium wiki	Otte, 1994
8PKXX	8Q54X	synonym	species	Trigonidium kupono	Otte, 1994
8PKZX	8Q574	synonym	species	Trigonidium sylvaticum	Otte, 1994
8PKXZ	8Q54Z	synonym	species	Trigonidium laupele	Otte, 1994
8PKZM	8Q56P	synonym	species	Trigonidium pudicum	Otte, 1994
8Q4KW	8Q56V	synonym	species	Trigonidium saltator	(Perkins, 1899)
8PGQS	8Q56V	synonym	species	Paratrigonidium saltator	Perkins, 1899
8PKWB	8Q536	synonym	species	Trigonidium anoe	Otte, 1994
8PKYQ	8Q55T	synonym	species	Trigonidium novagintum	Otte, 1994
8PKWT	8Q53X	synonym	species	Trigonidium hapapa	Otte, 1994
8PGQT	8Q573	synonym	species	Paratrigonidium subroseum	Perkins, 1899
8Q4KX	8Q573	synonym	species	Trigonidium subroseum	(Perkins, 1899)
8PKZL	8Q56N	synonym	species	Trigonidium pseudonoe	Otte, 1994
8PKZR	8Q56W	synonym	species	Trigonidium septimum	Otte, 1994
8PKYH	8Q55H	synonym	species	Trigonidium mauka	Otte, 1994
6VFNS	Z53K	synonym	species	Phylloscirtus macilentus	Saussure, 1878
77FPL	Z53K	synonym	species	Phylloscyrtus macilentus	Saussure, 1878
6VG22	Z53L	synonym	species	Phylloscyrtus setosus	Burmeister, 1880
6VFNR	Z53L	synonym	species	Phylloscirtus setosus	Burmeister, 1880
6VFPK	Z53H	synonym	species	Phylloscyrtus canotus	Saussure, 1878
6VFNN	Z53H	synonym	species	Phylloscirtus canotus	Saussure, 1878
6VFPJ	Z53J	synonym	species	Phylloscyrtus colliurides	(Stål, 1861)
6VFNQ	Z53J	synonym	species	Phylloscirtus colliurides	(Stål, 1861)
77FPQ	Z53M	synonym	species	Phylloscyrtus similis	Bruner, 1916
563MW	6VFPP	synonym	species	Thamnoscirtus vittatus	(Gerstaecker, 1863)
77FNN	77FPK	synonym	species	Phylloscirtus cicindeloides	Gerstaecker, 1863
563MT	77FPK	synonym	species	Thamnoscirtus cicindeloides	(Gerstaecker, 1863)
563MS	6VFQ2	synonym	species	Thamnoscirtus caeruleus	Rehn, 1904
563MV	77G22	synonym	species	Thamnoscirtus viridicatus	Saussure, 1897
77FNQ	77FPM	synonym	species	Phylloscirtus costatus	Saussure, 1878
6VFNP	77FPM	synonym	species	Phylloscirtus elegans	Guérin-Méneville, 1844
7C78N	77FPM	synonym	species	Thamnoscirtus montanus	Saussure, 1897
563MR	77FNG	synonym	species	Thamnoscirtus amoenus	(Burmeister, 1880)
77FNM	77FNG	synonym	species	Phylloscirtus amoenus	Burmeister, 1880
77FPN	4H8M6	synonym	species	Phylloscyrtus pulchellus	(Uhler, 1864)
77FNS	4H8M6	synonym	species	Phylloscirtus pulchellus	(Uhler, 1864)
6VFPQ	4H8M7	synonym	species	Phylloscyrtus pulcher	(Walker, 1869)
4H8LZ	4H8LV	synonym	species	Phyllopalpus elegans	Walker, 1869
8Q36B	4H8LV	synonym	species	Phylloscyrtus batesii	
6VFPN	4H8M5	synonym	species	Phylloscyrtus nigrovarius	(Walker, 1869)
6VFNL	4H8LW	synonym	species	Phylloscirtus brunnerianus	Saussure, 1874
6VFNF	4H8LW	synonym	species	Phylloscyrtus brunnerianus	Saussure, 1874
77FNL	4H8LX	synonym	species	Phylloscirtus caeruleus	Saussure, 1874
77FNF	4H8LX	synonym	species	Phylloscyrtus caeruleus	Saussure, 1874
33P4C	5FL8F	synonym	species	Cyrtoxiphus peruvianus	Saussure, 1874
DK4K	7J964	synonym	species	Anaxipha ecaudata	Chopard, 1913
68D2M	58RP8	synonym	species	Balamara marroo	Otte & Alexander, 1983
68CQM	58RP7	synonym	species	Balamara gidya	Otte & Alexander, 1983
5WD2M	58RP6	synonym	species	Balamara albovittata	(Chopard, 1951)
42FY6	58RP6	synonym	species	Metioche albovittata	Chopard, 1951
8PF2D	58RR7	synonym	species	Metioche infuscata	Chopard, 1925
8PKXC	58RR7	synonym	species	Trigonidium infuscatum	(Chopard, 1925)
58RXL	58RSB	synonym	species	Trigonidium meekappa	Otte & Alexander, 1983
7CS8Z	58RPW	synonym	species	Trigonidium brevipenne	Saussure, 1899
C5HY3	9GV2V	synonym	species	Metioche (Metioche) japonicum	(Ichikawa, 2001)
58RWC	9GV2V	synonym	species	Trigonidium japonicum	Ichikawa, 2001
6RFL5	9GV2V	synonym	species	Metioche japonicum	(Ichikawa, 2001)
7CRXH	58RPZ	synonym	species	Trigonidium canberrae	Otte & Alexander, 1983
9H23Q	9H23R	synonym	species	Trigonidium rubrumoculus	He & Ma, 2022
9GZJG	9GZJH	synonym	species	Trigonidium nigripes	Yuan, Ma & Gu, 2022
4HRWP	58RSL	synonym	species	Piestoxiphus nigritus	Saussure, 1899
7CRXD	58RSL	synonym	species	Trigonidium nigritum	(Saussure, 1899)
C8QQ2	C8QQ3	synonym	species	Trigonidium armarina	Otte & Alexander, 1983
58RWW	58RRS	synonym	species	Trigonidium lalwinya	Otte & Alexander, 1983
7CRX3	58RPJ	synonym	species	Trigonidium ahiu	Otte, 1994
7CS9H	58RQ6	synonym	species	Trigonidium capense	Saussure, 1878
58RV5	58RQ6	synonym	species	Trigonidium erythrocephalum	(Walker, 1869)
6XXVC	58RQ6	synonym	species	Scleropterus erythrocephalus	Walker, 1869
42FZH	58RT5	synonym	species	Metioche parinervis	Chopard, 1925
5LLX5	58RT5	accepted	subspecies	Trigonidium (Trigonidium) parinerve parinerve	(Chopard, 1925)
5LLX4	58RT5	accepted	subspecies	Trigonidium (Trigonidium) parinerve ornatum	Chopard, 1925
7D48Z	58RPY	synonym	species	Trigonidium canara	Otte & Alexander, 1983
58RZ2	58RTM	synonym	species	Trigonidium rubellonigrum	Gorochov, 1987
3MG9L	58RSN	synonym	species	Homoeoxiphus novarae	Saussure, 1878
58RXW	58RSN	synonym	species	Trigonidium novarae	(Saussure, 1878)
42FZB	58RSN	synonym	species	Metioche novarae	(Saussure, 1878)
7D3WZ	58RPX	synonym	species	Trigonidium bundilla	Otte & Alexander, 1983
58RVH	58RQG	synonym	species	Trigonidium goobita	Otte & Alexander, 1983
58RX6	58RQ2	synonym	species	Trigonidium madecassum	Saussure, 1878
42FZQ	58RQ2	synonym	species	Metioche simiola	(Karsch, 1893)
8PZJR	58RQ2	synonym	species	Homoeoxiphus tibiale	(Stål, 1861)
6XY7B	58RQ2	synonym	species	Scleropterus ater	Walker, 1869
42FYH	58RQ2	synonym	species	Metioche coleoptratum	(Stål, 1861)
7D3XH	58RQ2	synonym	species	Trigonidium cicindeloides	Rambur, 1838
4HRWR	58RQ2	synonym	species	Piestoxiphus simiolus	Karsch, 1893
9H3DH	58RQ2	synonym	species	Ceratinopterus cicindeloides	(Rambur, 1838)
BWHX6	58RQ2	synonym	species	Alamia paludicola	(Serville, 1838)
7D3XD	58RQ2	synonym	species	Trigonidium paludicola	Serville, 1838
3MG9D	58RQ2	synonym	species	Homoeoxiphus coleoptratum	(Stål, 1861)
7D49H	58RQ2	synonym	species	Trigonidium coleoptratum	Stål, 1861
8Q232	58RQ2	synonym	species	Metioche tibiale	(Stål, 1861)
58RZD	58RQ2	synonym	species	Trigonidium tibiale	Stål, 1861
58RVK	58RQJ	synonym	species	Trigonidium guineense	(Saussure, 1878)
42FYQ	58RQJ	synonym	species	Metioche guineensis	(Saussure, 1878)
BTKW9	58RQJ	synonym	subspecies	Trigonidium cicindeloides guineense	(Saussure, 1878)
3MG9F	58RQJ	synonym	species	Homoeoxiphus guineensis	Saussure, 1878
58RWK	58RRG	synonym	species	Trigonidium killawarra	Otte & Alexander, 1983
42FYS	58RQX	synonym	species	Metioche humbertiana	(Saussure, 1878)
3MG9H	58RQX	synonym	species	Homoeoxiphus humbertianus	Saussure, 1878
BTKWB	58RQX	synonym	subspecies	Trigonidium cicindeloides humbertianum	(Saussure, 1878)
58RVZ	58RQX	synonym	species	Trigonidium humbertianum	(Saussure, 1878)
7D49F	58RR8	synonym	species	Trigonidium inopinum	Otte & Cowper, 2007
42FYB	58RPT	synonym	species	Metioche australiana	Chopard, 1925
8Q4KJ	58RPT	synonym	species	Trigonidium australianum	(Chopard, 1925)
42FZL	7D48V	synonym	species	Metioche rectinervis	Chopard, 1951
4D38B	7D48V	synonym	species	Parametioche rectinervis	(Chopard, 1951)
42FY4	BXPW2	synonym	species	Metioche (Superstes) payendeei	Hugel, 2012
42FY5	BXPSR	synonym	species	Metioche (Superstes) superbus	Hugel, 2012
7D3WY	BX3X8	synonym	species	Trigonidium bicolor	Stål, 1861
42FWV	BX3X8	synonym	species	Metioche (Metioche) bicolor	(Stål, 1861)
3MG9C	BX3X8	synonym	species	Homoeoxiphus bicolor	(Stål, 1861)
42FYD	BX3X8	synonym	species	Metioche bicolor	(Stål, 1861)
42FY9	BX3X7	synonym	species	Metioche apicalis	(Chopard, 1930)
7D493	BX3X7	synonym	species	Trigonidium apicalis	Chopard, 1930
8PWRM	BX3XD	synonym	species	Amusurgus fuscus	(Chopard, 1917)
8Q3Q2	BX3XD	synonym	species	Rhicnogryllus fuscum	(Chopard, 1917)
8Q22X	BX3XD	synonym	species	Metioche fusca	(Chopard, 1917)
58RVF	BX3XD	synonym	species	Trigonidium fuscum	Chopard, 1917
58RWQ	BX3XM	synonym	species	Trigonidium kotoshoensis	Shiraki, 1930
42FXB	BX3XM	synonym	species	Metioche (Metioche) kotoshoensis	(Shiraki, 1930)
42FYX	BX3XM	synonym	species	Metioche kotoshoensis	(Shiraki, 1930)
58RXG	BX3XN	synonym	species	Trigonidium maoricum	(Walker, 1869)
79Y7C	BX3XN	synonym	species	Scleropterus maoricus	Walker, 1869
42FZ5	BX3XN	synonym	species	Metioche maorica	(Walker, 1869)
42FYM	BX3XC	synonym	species	Metioche fuscicornis	(Stål, 1861)
7CS9F	BX3XC	synonym	species	Trigonidium fuscicorne	Stål, 1861
8PZJP	BX3XC	synonym	species	Homoeoxiphus fuscicornis	(Stål, 1861)
42FZ9	BXMJJ	synonym	species	Metioche nigra	Chopard, 1927
42FYZ	BXMJD	synonym	species	Metioche lateralis	Chopard, 1927
58RVG	BX3XF	synonym	species	Trigonidium gigas	Bolívar, 1900
42FYP	BX3XF	synonym	species	Metioche gigas	(Bolívar, 1900)
BXLF2	58RPD	accepted	subspecies	Trigonidium (Metioche) vittaticolle vittaticolle	Stål, 1861
BXPW6	58RPD	accepted	subspecies	Trigonidium (Metioche) vittaticolle insulare	(Saussure, 1878)
42FY3	58RPD	synonym	species	Metioche (Metioche) vittaticollis	(Stål, 1861)
58RZL	58RPD	ambiguous synonym	species	Trigonidium vittaticolle	Stål, 1861
3MG9N	BTGWM	synonym	species	Homoeoxiphus pallipes	(Stål, 1861)
42FZG	BTGWM	synonym	species	Metioche pallipes	(Stål, 1861)
58RPB	BTGWM	synonym	species	Trigonidium pallipes	Stål, 1861
42FXT	BTGWM	synonym	species	Metioche (Metioche) pallipes	(Stål, 1861)
7CRWZ	BX3X9	synonym	species	Trigonidium boliviana	Chopard, 1956
42FYG	BX3X9	synonym	species	Metioche boliviana	(Chopard, 1956)
6RFKT	BXPSQ	synonym	species	Metioche (Metioche) baroalbae	Otte & Alexander, 1983
BYF35	BXPSQ	synonym	species	Metioche baroalbae	Otte & Alexander, 1983
42FZF	BXMJK	synonym	species	Metioche pallidinervis	Chopard, 1928
42FZ8	BXPTF	synonym	species	Metioche (Metioche) monteithi	Otte & Alexander, 1983
BYF36	BXPTF	synonym	species	Metioche monteithi	Otte & Alexander, 1983
42FZK	BXMJL	synonym	species	Metioche quadrimaculata	Chopard, 1952
42FXW	BXMJL	synonym	species	Metioche (Metioche) quadrimaculata	Chopard, 1952
42FZR	BXMJP	synonym	species	Metioche substriata	Chopard, 1962
42FYK	BXMJ9	synonym	species	Metioche fascithorax	Chopard, 1929
8Q22Y	BXPTS	synonym	species	Metioche luteola	(Butler, 1876)
4686J	BXPTS	synonym	species	Nemobius luteolus	Butler, 1876
6RFL4	BXMJ7	synonym	species	Metioche bimaculata	Chopard, 1952
42FWW	BXMJ7	synonym	species	Metioche (Metioche) bimaculata	Chopard, 1952
42FZ7	BXMJH	synonym	species	Metioche minuscula	Chopard, 1962
42FZ6	BX3XP	synonym	species	Metioche massaica	(Sjöstedt, 1910)
58RXH	BX3XP	synonym	species	Trigonidium massaicum	Sjöstedt, 1910
58RYC	BX3XQ	synonym	species	Trigonidium pallidicorne	Stål, 1861
42FXR	BX3XQ	synonym	species	Metioche (Metioche) pallidicornis	(Stål, 1861)
8PZJQ	BX3XQ	synonym	species	Homoeoxiphus pallidicornis	(Stål, 1861)
6RFKR	BX3XQ	synonym	species	Metioche pallidicornis	(Stål, 1861)
42FZM	BXMJM	synonym	species	Metioche schoutedeni	Chopard, 1934
58RZ9	8Q4JY	synonym	species	Trigonidium tacitum	(Saussure, 1878)
3MG9Q	8Q4JY	synonym	species	Homoeoxiphus tacitus	Saussure, 1878
42FZS	8Q4JY	synonym	species	Metioche tacita	(Saussure, 1878)
42FYN	BXMJB	synonym	species	Metioche fusconatata	Chopard, 1934
42FZ4	BXMJG	synonym	species	Metioche machadoi	Chopard, 1962
42FZP	BXMJN	synonym	species	Metioche sexmaculata	Chopard, 1952
42FXY	BXMJN	synonym	species	Metioche (Metioche) sexmaculata	Chopard, 1952
BZHWF	BX3XG	synonym	species	Metioche haanii	(Saussure, 1878)
58RVL	BX3XG	synonym	species	Trigonidium haanii	Saussure, 1878
8PSH4	BX3XG	synonym	species	Metioche (Metioche) haanii	(Saussure, 1878)
8PZSW	BX3XG	synonym	species	Litogryllus haanii	(Saussure, 1878)
42FWZ	7D3X7	synonym	species	Metioche (Metioche) chamadara	(Sugimoto, 2001)
42FYJ	BXMJ8	synonym	species	Metioche comorana	Chopard, 1956
42FZD	BXPTJ	synonym	species	Metioche ornatipes	Chopard, 1927
42FYY	BXMJC	synonym	species	Metioche kuthyi	Chopard, 1927
BXLVZ	BX3XR	accepted	subspecies	Trigonidium (Metioche) perpusillum infuscatum	Bolívar, 1912
BXPTY	BX3XR	accepted	subspecies	Trigonidium (Metioche) perpusillum perpusillum	Bolívar, 1912
BX6KJ	BX3XR	accepted	subspecies	Trigonidium (Metioche) perpusillum ruficeps	Bolívar, 1912
BVY67	BX3XR	synonym	species	Trigonidium perpusillum	Bolívar, 1912
BXLVY	BX3XR	accepted	subspecies	Trigonidium (Metioche) perpusillum impicticolle	Bolívar, 1912
42FZ3	BXMJF	synonym	species	Metioche lesnei	Chopard, 1935
73FL4	BWTTN	synonym	species	Metioche nigripes	Chopard, 1926
4HRWQ	BXPT3	synonym	species	Piestoxiphus ocularis	Saussure, 1899
42FZC	BXPT3	synonym	species	Metioche ocularis	(Saussure, 1899)
42FXP	BXPT3	synonym	species	Metioche (Metioche) ocularis	(Saussure, 1899)
42FYF	58RP9	synonym	species	Metioche bolivari	Chopard, 1968
58RZK	58RP9	ambiguous synonym	species	Trigonidium vittaticolle	Bolívar, 1912
42FX4	BX3XB	synonym	species	Metioche (Metioche) flavipes	(Brunner von Wattenwyl, 1878)
3VM42	BX3XB	synonym	species	Litogryllus flavipes	(Brunner von Wattenwyl, 1878)
42FYL	BX3XB	synonym	species	Metioche flavipes	(Brunner von Wattenwyl, 1878)
7CRXF	BX3XB	synonym	species	Trigonidium flavipes	Brunner von Wattenwyl, 1878
8PWRN	7KBHR	synonym	species	Amusurgus karnyi	(Chopard, 1930)
BW26X	5JNPD	synonym	variety	Metioche karnyi var. albifrons	Chopard, 1929
BTFB2	5KW43	synonym	subspecies	Rhicnogryllus tahitense decorus	Chopard, 1930
4S6TR	5KW43	synonym	species	Rhicnogryllus decorus	Chopard, 1930
8PKZY	C58RV	synonym	species	Trigonidium tahitense	Saussure, 1878
8PZSX	C58RV	synonym	species	Litogryllus tahitense	(Saussure, 1878)
8PF2J	C58RV	synonym	species	Metioche tahitensis	(Saussure, 1878)
BTFB3	C58RV	synonym	subspecies	Rhicnogryllus tahitense tahitense	(Saussure, 1878)
42G25	D8KB	synonym	species	Metiochodes genji	(Furukawa, 1970)
7F2XY	D8KB	synonym	species	Usgmona genji	Furukawa, 1970
42FZV	D8K5	synonym	species	Metioche unicolor	Chopard, 1925
66H85	D8K5	synonym	species	Amusurgus unicolor	(Chopard, 1925)
D8KM	D8JX	synonym	species	Amusurgus mubboonis	Otte & Alexander, 1983
D8KL	D8JW	synonym	species	Amusurgus minmirri	Otte & Alexander, 1983
D8KS	D8K3	synonym	species	Amusurgus speculifer	Chopard, 1936
D8KD	D8JR	synonym	species	Amusurgus fascifrons	Chopard, 1951
D8KJ	D8JS	synonym	species	Amusurgus lateralis	Chopard, 1969
D8KF	D8JS	synonym	species	Amusurgus fulvus	Brunner von Wattenwyl, 1893
D8KH	66GVT	synonym	species	Amusurgus kanyakis	Otte & Alexander, 1983
8P54T	8QK87	synonym	species	Amusurgus ornatipes	(Chopard, 1925)
8PGMB	8QK87	synonym	species	Paranaxipha ornatipes	Chopard, 1925
39SWP	D8K2	synonym	species	Eneoptera oedemeroides	Walker, 1871
33P2K	D8K2	synonym	species	Cyrtoxipha oedemeroides	(Walker, 1871)
D8KQ	D8K2	synonym	species	Amusurgus oedemeroides	(Walker, 1871)
D8KN	D8JY	synonym	species	Amusurgus nilarius	Otte & Alexander, 1983
D8KP	D8JZ	synonym	species	Amusurgus noorundi	Otte & Alexander, 1983
D8KK	D8JV	synonym	species	Amusurgus maculatus	Chopard, 1927
D8KC	D8JN	synonym	species	Amusurgus africanus	Chopard, 1936
D8KV	D8K6	synonym	species	Amusurgus xanthoneurus	(Chopard, 1940)
4D4NP	D8K6	synonym	species	Paranaxipha xanthoneurus	Chopard, 1940
42G27	D8JT	synonym	species	Metiochodes hackeri	Chopard, 1951
D8KG	D8JT	synonym	species	Amusurgus hackeri	(Chopard, 1951)
D8KT	D8K4	synonym	species	Amusurgus tinka	Otte & Alexander, 1983
42FY8	D8JP	synonym	species	Metioche angusta	Chopard, 1925
8PWRL	D8JP	synonym	species	Amusurgus angustus	(Chopard, 1925)
BTK8S	5LLX5	synonym	subspecies	Metioche parinervis parinervis	Chopard, 1925
BSMZK	5LLX5	synonym	subspecies	Trigonidium parinerve parinerve	(Chopard, 1925)
5LLX8	5LLX4	synonym	subspecies	Trigonidium parinerve ornata	Chopard, 1925
BTK8R	5LLX4	synonym	subspecies	Metioche parinervis ornata	(Chopard, 1925)
33JYS	BXLF2	ambiguous synonym	species	Cyrtacanthacris vittaticollis	(Stål, 1861)
5JNP6	BXLF2	synonym	subspecies	Metioche (Metioche) vittaticollis vittaticollis	(Stål, 1861)
42FZ2	BXLF2	synonym	species	Metioche lepidula	Stål, 1877
42FZW	BXLF2	synonym	species	Metioche vittaticollis	(Stål, 1861)
3MG9K	BXLF2	synonym	species	Homoeoxiphus lepidulus	(Stål, 1877)
BTK8Y	BXLF2	synonym	subspecies	Metioche vittaticollis vittaticollis	(Stål, 1861)
3MG9S	BXLF2	synonym	species	Homoeoxiphus vittaticollis	(Stål, 1861)
3MG9J	BXPW6	synonym	species	Homoeoxiphus insularis	Saussure, 1878
73FKS	BXPW6	synonym	species	Metioche insularis	(Saussure, 1878)
BSMZ2	BXPW6	synonym	subspecies	Metioche vittaticollis insularis	(Saussure, 1878)
BXLW2	BXLVZ	synonym	variety	Trigonidium perpusillum var. infuscata	Bolívar, 1912
BTK8V	BXLVZ	synonym	subspecies	Metioche perpusilla infuscata	(Bolívar, 1912)
BTK8W	BXPTY	synonym	subspecies	Metioche perpusilla perpusilla	(Bolívar, 1912)
8Q22Z	BXPTY	synonym	species	Metioche perpusilla	(Bolívar, 1912)
BTK8X	BX6KJ	synonym	subspecies	Metioche perpusilla ruficeps	(Bolívar, 1912)
8Q6KR	BX6KJ	synonym	variety	Trigonidium perpusillum var. ruficeps	Bolívar, 1912
BXLVX	BXLVY	synonym	variety	Trigonidium perpusillum var. impicticolle	Bolívar, 1912
BTK8T	BXLVY	synonym	subspecies	Metioche perpusilla impicticollis	(Bolívar, 1912)
